customer_id,customer_name,region,signup_date
1,Ben Lopez,West,2022-10-31
2,Nia Silva,South,2022-03-14
3,Ivy Rao,West,2022-10-21
4,Ben Ito,South,2022-01-03
5,Eli Sharma,South,2022-10-18
6,Kira Costa,East,2022-10-15
7,Omar Lopez,North,2022-10-12
8,Omar Lopez,East,2022-08-31
9,Kira Patel,East,2022-06-22
10,Quinn Silva,West,2022-09-15
11,Kira Nguyen,West,2022-04-12
12,Dana Costa,East,2022-10-12
13,Priya Ito,South,2022-07-22
14,Ivy Rao,South,2022-06-17
15,Kira Silva,South,2022-07-04
16,Jun Kim,West,2022-07-27
17,Ben Khan,South,2022-01-14
18,Rosa Sharma,North,2022-02-21
19,Rosa Rao,South,2022-03-31
20,Farah Ito,North,2022-02-11
21,Dana Lopez,North,2022-06-10
22,Omar Nguyen,North,2022-09-01
23,Ben Costa,West,2022-08-27
24,Ivy Rao,East,2022-06-21
25,Nia Lopez,East,2022-11-09
26,Priya Patel,South,2022-07-26
27,Hiro Silva,East,2022-01-29
28,Jun Sharma,North,2022-10-07
29,Kira Patel,West,2022-07-29
30,Omar Ito,East,2022-08-20
31,Sam Lopez,West,2022-07-26
32,Hiro Costa,North,2022-07-22
33,Ivy Nguyen,South,2022-02-03
34,Sam Nguyen,East,2022-07-24
35,Ben Silva,South,2022-10-18
36,Priya Patel,South,2022-04-21
37,Jun Patel,North,2022-08-09
38,Nia Silva,South,2022-01-12
39,Gita Kim,North,2022-05-07
40,Leo Ito,South,2022-06-09
41,Sam Silva,East,2022-12-25
42,Dana Rao,East,2022-03-20
43,Maya Lopez,East,2022-04-11
44,Ben Nguyen,South,2022-05-30
45,Priya Rao,West,2022-12-29
46,Ivy Rao,North,2022-11-08
47,Quinn Nguyen,South,2022-01-13
48,Rosa Kim,North,2022-03-27
49,Eli Ito,South,2022-10-27
50,Maya Patel,West,2022-01-22
