employee_id,name,department,age,salary,join_date,performance_rating,city,is_remote
1,Yara Costa,Engineering,45.0,82461.65,2022-07-16,1.0,Austin,True
2,Rosa Fischer,Finance,59.0,79786.34,2021-12-27,2.0,San Francisco,True
3,Priya Novak,Engineering,44.0,98974.59,2018-12-21,3.0,Chicago,False
4,Victor Nguyen,Sales,27.0,"$78,184.21",2022-02-02,2.0,San Francisco,False
5,Ben Silva,Engineering,56.0,93866.18,2020-07-11,2.0,New York,False
6,Hiro Fischer,Finance,52.0,88382.84,2021-10-26,2.0,San Francisco,True
7,Xena Sharma,Sales,36.0,70143.69,2021-04-04,4.0,Seattle,False
8,Maya Haddad,Human Resources,37.0,59253.69,2022-07-19,2.0,San Francisco,False
9,Dana Novak,Engineering,47.0,99588.5,11/03/2020,1.0,Chicago,True
10,Dana Lopez,HR,51.0,68467.14,2019-08-19,,Seattle,False
11,Victor Silva,Marketing,48.0,62268.52,"August 17, 2021",4.0,New York,False
12,Ivy Silva,Mktg,55.0,63049.91,2021-09-06,3.0,Austin,False
13,Sam Nguyen,Finance,24.0,78713.35,2019-08-05,4.0,New York,False
14,Zane Ito,Sales,59.0,70662.15,2020-10-31,1.0,Chicago,True
15,Maya Lopez,Sales,40.0,62796.73,2021-08-23,1.0,AUSTIN,False
16,Priya Rao,Marketing,,73224.05,2019-11-07,4.0,Austin,False
17,Nia Okoro,hr,30.0,56796.72,2018-12-08,4.0,Seattle,False
18,Uma Novak,Engineering,39.0,98699.55,2019-10-16,3.0,Chicago,True
19,Sam Costa,Mktg,,58396.22,2022-07-28,3.0,Seattle,False
20,Ivy Okoro,Engineering,57.0,97870.43,2018-11-07,3.0,New York,False
21,Maya Nguyen,sales,40.0,73132.74,02/26/2020,2.0,San Francisco,False
22,Victor Kim,H.R.,57.0,56634.55,2020-09-10,4.0,New York,False
23,Wei Costa,Engineering,47.0,111167.12,2022-05-09,2.0,New York,True
24,Chen Sharma,Marketing,36.0,67968.32,2020-01-08,4.0,San Francisco,True
25,Leo Sharma,Engineering,37.0,109215.43,2023-06-12,,chicago,True
26,Dana Lopez,Finance,57.0,87673.11,2020-04-23,5.0,,True
27,Zane Ito,Sales ,47.0,64701.8,2020-07-13,5.0,New York,False
28,Victor Fischer,Sales,37.0,66942.51,2022-08-31,5.0,Seattle,True
29,Victor Costa,Marketing,50.0,68488.82,2020-06-20,2.0,New York,False
30,Leo Lopez,Sales,36.0,70489.38,2021-09-25,4.0,New York,False
31,Gita Lopez,Marketing,30.0,65395.69,2019-12-06,4.0,Austin,False
32,Jun Nguyen,Engineering,50.0,92710.36,not_a_date,4.0,Austin,False
33,Zane Sharma,Sales,25.0,"$55,532.19",2021-04-08,5.0,Chicago,True
34,Chen Kim,Sales,39.0,68196.54,2023-05-23,1.0,San Francisco,False
35,Zane Mensah,Finance,37.0,62255.03,2020-03-08,4.0,San Francisco,False
36,Wei Nguyen,Engineering,39.0,97974.56,2019-03-12,4.0,Austin,False
37,Sam Khan,Sales,30.0,"$64,191.54",2018-10-06,2.0,San Francisco,False
38,Maya Sharma,Marketing,36.0,59276.67,2020-10-12,2.0,Austin,False
39,Quinn Haddad,Sales,26.0,68245.57,2020-09-28,3.0,Austin,False
40,Rosa Kim,Engineering,38.0,"$97,181.38",2018-07-05,2.0,San Francisco,False
41,Nia Silva,Sales,49.0,58543.95,2018-01-24,3.0,Austin,False
42,Zane Fischer,ENGINEERING,27.0,81011.19,2020-02-25,1.0,San Francisco,True
43,Eli Lopez,ENGINEERING,,86471.47,2018-03-12,2.0,Chicago,False
44,Yara Haddad,Finance,24.0,63666.18,2023-03-16,,Chicago,False
45,Sam Costa,Engineering,53.0,,2022-04-30,4.0,San Francisco,False
46,Ben Novak,Sales,50.0,82727.06,2018-06-21,,San Francisco,True
47,Maya Patel,HR,23.0,51547.31,2022-04-07,,Chicago,False
48,Gita Rao,Marketing,43.0,70211.24,2022-02-24,4.0,san francisco,True
49,Sam Lopez,Sales,39.0,59026.92,2021-12-21,3.0,New York,False
50,Priya Fischer,HR,47.0,62392.96,2022-09-27,4.0,Seattle,True
51,Rosa Khan,Sales,36.0,67442.13,2021-11-14,5.0,Seattle,True
52,Quinn Rao,Marketing,52.0,64521.5,2020-10-14,,New York,False
53,Chen Sharma,HR,41.0,64550.22,2021-12-21,,Seattle,True
54,Rosa Khan,Marketing,30.0,79049.92,2022-05-15,1.0,San Francisco,False
55,Priya Silva,,41.0,66557.65,2021-03-13,1.0,New York,True
56,Farah Kim,Sales,30.0,70994.87,2020-06-01,4.0,Austin,False
57,Jun Haddad,Sales,41.0,62213.06,2021-02-19,1.0,San Francisco,True
58,Kira Khan,Sales,32.0,"$74,666.72",2019-12-08,5.0,Chicago,False
59,Omar Okoro,Marketing,38.0,63031.42,2020-03-20,3.0,Austin,False
60,Kira Rao,,33.0,76656.06,2020-10-08,1.0,San Francisco,False
61,Leo Costa,Sales,41.0,69650.35,2022-02-07,4.0,New York,False
62,Leo Costa,,50.0,73926.85,2019-01-25,1.0,Austin,False
63,Omar Mensah,Sales,48.0,54136.67,2020-05-14,5.0,Chicago,True
64,Yara Kim,Engineering,36.0,92627.21,2019-09-07,2.0,Seattle,False
65,Omar Ito,HR,40.0,67051.85,2018-11-06,3.0,New York,False
66,Jun Nguyen,Sales,34.0,"$67,194.46","September 03, 2019",3.0,Austin,False
67,Ben Ito,HR,33.0,53662.62,2019-08-27,2.0,AUSTIN,False
68,Victor Patel,HR,,57872.96,2023-05-31,1.0,San Francisco,True
69,Kira Okoro,Sales,51.0,58960.57,2020-02-15,1.0,San Francisco,True
70,Yara Nguyen,Marketing,29.0,"$65,951.63",2019-11-02,3.0,San Francisco,False
71,Asha Mensah,Engineering,31.0,114523.69,2020-03-01,5.0,New York,False
72,Asha Silva,Sales,26.0,79160.25,2019-04-03,2.0,,True
73,Maya Fischer,Finance,59.0,71127.93,2023-01-01,2.0,San Francisco,True
74,Chen Costa,Sales,48.0,63013.27,2023-02-23,4.0,New York,False
75,Nia Patel,Sales,28.0,66762.18,2020-02-25,5.0,Austin,True
76,Victor Haddad,Mktg,50.0,73035.33,2018-10-05,3.0,,False
77,Maya Okoro,Marketing,33.0,58428.1,2018-02-07,5.0,Chicago,False
78,Priya Fischer,Sales,33.0,64478.15,2023-04-16,4.0,New York,False
79,Yara Rao,Sales,40.0,77078.0,2022-07-21,,San Francisco,True
80,Hiro Kim,Engineering,46.0,101917.22,2022-09-03,2.0,,False
81,Omar Kim,Engineering,47.0,92009.48,2021-03-17,3.0,San Francisco,True
82,Tara Fischer,,23.0,86057.89,2021-07-18,4.0,Chicago,False
83,Gita Rao,Sales,50.0,57602.04,2022-03-16,2.0,San Francisco,False
84,Ben Kim,Finance,37.0,"$74,408.08",2020-05-05,4.0,Chicago,True
85,Jun Fischer,Sales,56.0,52155.77,2022-07-11,2.0,Austin,False
86,Zane Costa,Sales,43.0,75998.56,2019-01-30,4.0,New York,False
87,Priya Rao,Sales,57.0,64959.75,2020-06-08,3.0,San Francisco,False
88,Ben Khan,Sales,31.0,"$73,850.35",2018-08-01,1.0,Chicago,False
89,Zane Ito,Finance,47.0,"$94,946.60",2022-03-30,1.0,New York,False
90,Farah Nguyen,Finance,,89383.97,"July 27, 2018",5.0,Seattle ,False
91,Sam Sharma,Sales,54.0,60790.92,2020-10-02,4.0,San Francisco,True
92,Zane Fischer,Engineering,45.0,101953.99,2019-11-30,3.0,New York,False
93,Omar Lopez,Finance,50.0,-20000.0,2023-06-12,,Austin,True
94,Tara Rao,Sales,44.0,"$64,029.15",2020-03-25,2.0,Austin,False
95,Maya Silva,Marketing,51.0,-5000.0,2018-10-10,2.0,Chicago,True
96,Leo Novak,Engineering,27.0,"$94,122.46",2023-01-22,3.0,Seattle,False
97,Ben Sharma,Finance,30.0,67188.61,2021-01-08,4.0,New York,False
98,Sam Khan,Engineering,48.0,106765.88,2020-12-08,3.0,san francisco,True
99,Uma Sharma,Sales,29.0,50757.09,2021-06-21,2.0,,True
100,Xena Patel,Engineering,25.0,86145.54,2023-06-05,3.0,Seattle,True
101,Kira Okoro,Sales,43.0,67843.48,2018-02-21,2.0,Chicago,False
102,Chen Costa,HR,58.0,58183.3,2021-12-12,,Chicago,True
103,Sam Ito,HR,33.0,61328.99,2020-06-28,1.0,San Francisco,False
104,Chen Lopez,,29.0,72171.59,2018-10-20,2.0,Chicago,False
105,Leo Fischer,HR,49.0,"$58,291.10",2022-12-19,3.0,Chicago,True
106,Rosa Khan,Sales,31.0,79095.09,2021-01-12,2.0,Seattle,False
107,Ben Rao,Sales,51.0,52884.99,2023-01-02,3.0,Austin,False
108,Hiro Mensah,Sales,29.0,69998.68,2018-11-15,4.0,Chicago,False
109,Wei Khan,Engineering,29.0,89283.32,2021-09-12,4.0,Seattle,False
110,Xena Lopez,Engineering,59.0,96060.11,2018-03-20,3.0,New York,False
111,Nia Novak,Marketing,44.0,215000.0,2023-05-25,3.0,Austin,True
112,Uma Fischer,HR,32.0,,2023-03-03,1.0,San Francisco,True
113,Zane Kim,Engineering,39.0,89872.41,2022-11-03,3.0,Austin,False
114,Kira Okoro,Marketing,45.0,71340.69,2019-11-07,3.0,New York,True
115,Hiro Sharma,HR,23.0,62792.45,2021-10-26,2.0,San Francisco,True
116,Omar Novak,Sales,59.0,64558.01,2019-01-15,2.0,Austin,False
117,Tara Haddad,Engineering,40.0,111319.13,2022-08-08,4.0,New York,False
118,Quinn Kim,Marketing,58.0,83473.42,2018-07-23,1.0,New York,False
119,Wei Ito,Engineering,52.0,83300.3,2022-01-09,,San Francisco,True
120,Wei Haddad,Marketing,23.0,"$67,414.36",2021-07-28,5.0,Austin,False
121,Zane Sharma,Sales,52.0,90071.96,2019-08-13,4.0,New York,False
122,Wei Costa,Marketing,41.0,71271.19,2020-07-11,2.0,Austin,True
123,Maya Novak,Engineering,55.0,96768.48,"August 07, 2020",2.0,New York,False
124,Yara Lopez,Sales,,68335.55,2018-01-24,3.0,San Francisco,False
125,Chen Mensah,Sales,,65670.45,2018-04-16,4.0,Chicago,False
126,Farah Nguyen,Marketing,48.0,63299.88,2021-12-01,2.0,Chicago,False
127,Farah Kim,Engineering,32.0,90594.16,10/05/2021,3.0,Austin,False
128,Xena Khan,Finance,34.0,85959.27,2019-05-29,1.0,Austin,False
129,Chen Kim,Engineering,44.0,91814.77,2020-06-12,5.0,New York City,False
130,Kira Khan,Engineering,34.0,91470.79,2022-04-11,,Chicago,True
131,Ivy Okoro,Engineering,57.0,85382.71,2021-09-20,2.0,Chicago,False
132,Wei Rao,eng,22.0,94603.28,2020-09-04,5.0,San Francisco,True
133,Zane Khan,Sales,36.0,62847.03,2022-09-25,5.0,Austin,True
134,Dana Silva,HR,23.0,58554.0,2020-12-07,,austin ,False
135,Chen Okoro,Marketing,49.0,73334.52,2018-01-11,1.0,San Francisco,False
136,Farah Ito,Engineering,42.0,97927.4,2020-07-03,3.0,seattle,False
137,Farah Okoro,Engineering,27.0,99037.8,2019-05-01,4.0,New York,False
138,Eli Lopez,Engineering,24.0,97848.73,2021-09-13,,New York,False
139,Yara Lopez,HR,50.0,60473.41,2018-07-29,4.0,Austin,False
140,Xena Fischer,Sales,29.0,68981.37,2023-06-04,1.0,San Francisco,False
141,Tara Novak,Finance,53.0,77537.55,2021-04-30,,Chicago,False
142,Omar Rao,Marketing,34.0,71072.94,2022-05-15,4.0,San Francisco,False
143,Victor Ito,marketing,42.0,"$56,326.08",2020-07-09,2.0,New York,False
144,Yara Fischer,HR,24.0,70725.78,2018-05-19,4.0,Austin,True
145,Jun Ito,HR,41.0,60272.62,2020-05-21,3.0,Chicago,True
146,Sam Fischer,Engineering,23.0,89010.4,2020-09-16,4.0,New York,False
147,Chen Patel,Engineering,30.0,91086.83,2020-04-17,4.0,New York,True
148,Gita Ito,Sales,,"$64,584.08",2019-04-14,4.0,Austin,True
149,Eli Lopez,Sales,59.0,"$71,281.65",2019-02-19,1.0,Seattle,False
150,Omar Okoro,Engineering,38.0,89257.26,"July 24, 2018",1.0,Austin,True
151,Tara Nguyen,Sales,56.0,79137.05,2020-09-22,4.0,San Francisco,True
152,Uma Haddad,Marketing,29.0,58746.89,2019-01-26,2.0,San Francisco,False
153,Rosa Mensah,Engineering,44.0,"$76,819.82",2021-06-05,1.0,San Francisco,True
154,Ivy Mensah,Engineering,,89152.01,2019-05-12,3.0,New York,True
155,Dana Costa,Engineering,55.0,78931.83,"May 20, 2020",5.0,San Francisco,False
156,Xena Okoro,Engineering,22.0,94681.05,2023-04-04,4.0,New York,False
157,Hiro Silva,Finance,44.0,88473.26,2020-11-14,2.0,New York,False
158,Quinn Khan,Engineering,31.0,100182.08,2022-01-29,2.0,San Francisco,True
159,Tara Nguyen,Engineering,36.0,84299.28,2021-09-25,4.0,New York,True
160,Eli Sharma,Engineering,58.0,88901.96,2022-09-02,3.0,San Francisco,False
161,Maya Nguyen,Sales,46.0,84229.07,2018-04-22,3.0,Chicago,False
162,Hiro Fischer,Engineering,56.0,97548.09,2021-10-29,,Chicago,True
163,Victor Haddad,Sales,29.0,,2019-04-22,1.0,Seattle,False
164,Priya Patel,ENGINEERING,46.0,"$103,448.50",2019-09-24,1.0,Austin,False
165,Tara Costa,Engineering,57.0,114621.93,2022-12-17,5.0,Chicago,False
166,Xena Lopez,HR,25.0,70372.59,2020-02-22,2.0,Austin,True
167,Eli Rao,Engineering,55.0,96115.32,2020-10-27,5.0,San Francisco,True
168,Leo Costa,Marketing,34.0,67837.51,2020-05-31,2.0,AUSTIN,True
169,Jun Silva,Sales,38.0,74936.64,2018-08-03,5.0,New York,True
170,Dana Okoro,Sales,23.0,65098.41,2019-08-10,,San Francisco,False
171,Tara Ito,HR,53.0,51530.24,2018-10-29,5.0,Seattle,False
172,Gita Costa,Engineering,30.0,95419.59,2020-04-22,,CHICAGO,False
173,Kira Costa,Finance,,72422.31,2018-01-05,,San Francisco,False
174,Chen Kim,Finance,22.0,79508.3,2022-03-23,1.0,Austin,True
175,Tara Sharma,Marketing,26.0,65768.98,2020-12-06,2.0,San Francisco,False
176,Rosa Ito,Engineering,26.0,113728.3,2018-06-01,3.0,Austin,False
177,Asha Novak,Mktg,47.0,58191.6,2023-06-06,1.0,New York,False
178,Sam Haddad,Marketing,46.0,64025.69,2019-07-08,4.0,New York,False
179,Xena Mensah,HR,29.0,58685.58,2019-11-28,1.0,New York,False
180,Victor Patel,Engineering,25.0,98498.48,2020-08-16,1.0,New York,False
181,Xena Fischer,Finance,31.0,88373.79,2020-12-05,4.0,Seattle,False
182,Sam Haddad,finance,27.0,76076.13,2021-09-14,5.0,New York,True
183,Tara Fischer,Engineering,49.0,88429.18,2020-11-29,5.0,New York,False
184,Xena Lopez,Engineering,56.0,"$81,874.32",2021-07-15,1.0,Chicago,False
185,Victor Fischer,Engineering,38.0,87590.36,2019-09-12,4.0,Chicago,False
186,Hiro Sharma,HR,34.0,64291.53,2021-12-20,4.0,Austin,False
187,Eli Sharma,Finance,41.0,80365.18,2022-09-02,,San Francisco,True
188,Leo Sharma,Finance,34.0,71876.53,2018-07-30,,New York,True
189,Gita Nguyen,Marketing,28.0,62017.86,2018-08-26,3.0,Austin,False
190,Sam Nguyen,Marketing,25.0,65251.78,2018-12-28,5.0,New York,False
191,Yara Kim,Marketing,46.0,69029.43,2019-10-25,3.0,New York,False
192,Zane Rao,Sales,,65252.85,2019-09-10,2.0,New York,True
193,Gita Sharma,Finance,41.0,77996.48,2022-04-09,,San Francisco,True
194,Hiro Rao,Marketing,47.0,50452.52,2019-07-18,,Seattle,False
195,Chen Kim,Engineering,26.0,85788.91,2022-11-10,1.0,Chicago,False
196,Chen Mensah,Sales,42.0,82941.73,2022-02-20,5.0,CHICAGO,False
197,Chen Sharma,Engineering,47.0,77494.87,2023-02-23,4.0,San Fran,True
198,Leo Silva,Marketing,45.0,"$62,297.58",,2.0,Chicago,False
199,Omar Okoro,Marketing,22.0,66753.59,2018-05-22,2.0,Chicago,False
200,Wei Rao,Sales,25.0,67005.21,2021-09-28,1.0,San Francisco,False
201,Quinn Haddad,Finance,59.0,73534.74,2022-09-30,2.0,New York,False
202,Leo Costa,HR,31.0,59511.37,2018-03-08,3.0,New York,False
203,Farah Costa,Engineering,30.0,94960.28,2018-11-26,2.0,Austin,True
204,Gita Kim,,44.0,94343.06,"August 19, 2019",,Chicago,False
205,Tara Rao,,49.0,79978.3,2019-02-18,4.0,Austin,False
206,Jun Sharma,Engineering,58.0,93820.77,2022-05-26,3.0,New York,False
207,Gita Haddad,Engineering,50.0,88159.1,2018-09-24,2.0,Seattle,False
208,Maya Okoro,Sales,53.0,65618.11,2023-01-23,4.0,San Francisco,True
209,Xena Haddad,FINANCE,56.0,81815.8,2019-12-17,,Seattle,True
210,Asha Sharma,Engineering,46.0,100125.83,2021-04-04,3.0,Chicago,False
211,Priya Khan,Finance,45.0,1800000.0,2020-03-27,1.0,San Francisco,False
212,Victor Silva,Marketing,41.0,61028.7,2019-11-29,3.0,Austin,False
213,Dana Patel,FINANCE,29.0,"$87,392.02",2022-09-26,2.0,Chicago,False
214,Hiro Costa,Sales,22.0,79389.82,12/12/2019,,Chicago,False
215,Dana Novak,Engineering,26.0,104093.1,2023-05-11,1.0,New York,False
216,Hiro Silva,HR,55.0,71118.14,2021-06-20,3.0,Chicago,False
217,Rosa Haddad,Engineering,,93834.54,2019-12-21,1.0,San Francisco,True
218,Leo Novak,Engineering,24.0,93606.94,2022-09-25,3.0,New York,True
219,Hiro Patel,HR,27.0,66600.41,2019-07-10,4.0,New York,True
220,Victor Novak,Marketing,26.0,"$54,067.81",2019-11-13,1.0,San Francisco,True
221,Tara Fischer,Engineering,36.0,96675.43,2022-11-13,1.0,New York,False
222,Maya Kim,Engineering,48.0,90755.53,2019-01-17,2.0,Austin,True
223,Priya Rao,Finance,52.0,77049.69,2022-11-02,5.0,New York,False
224,Kira Costa,Engineering,52.0,81067.88,2018-01-06,,New York,True
225,Gita Costa,Marketing,58.0,57875.65,2018-01-18,5.0,Seattle,False
226,Uma Patel,Engineering,,94836.05,2018-10-02,2.0,San Francisco,False
227,Leo Costa,HR,32.0,67107.63,2021-05-15,1.0,San Francisco,True
228,Ben Costa,Engineering,39.0,102920.21,2022-08-30,4.0,New York,False
229,Xena Haddad,Sales,46.0,"$69,357.39",2022-08-19,1.0,New York,False
230,Rosa Haddad,Engineering,28.0,93485.69,06/03/2021,1.0,San Francisco,False
231,Jun Silva,Sales,48.0,63354.57,2021-07-05,3.0,Austin,False
232,Chen Mensah,HR,23.0,63218.85,2023-06-05,,New York,False
233,Ivy Fischer,eng,30.0,93019.38,2023-03-13,4.0,austin ,True
234,Maya Fischer,Engineering,54.0,99847.08,2018-05-19,,Seattle,False
235,Dana Kim,HR,34.0,74013.49,00/00/0000,4.0,Chicago,False
236,Jun Sharma,Marketing,59.0,,2020-01-03,2.0,San Francisco,False
237,Maya Costa,Engineering,53.0,"$83,021.16",2018-09-26,2.0,New York,True
238,Rosa Nguyen,Marketing,31.0,58113.2,2022-05-11,2.0,NYC,False
239,Eli Rao,Sales,56.0,"$58,334.82",2020-12-20,4.0,San Francisco,False
240,Quinn Okoro,Finance,54.0,70423.12,2021-08-15,2.0,Austin,False
241,Xena Khan,Engineering,59.0,105442.17,2020-10-29,5.0,,False
242,Eli Nguyen,HR,37.0,61813.28,2018-05-14,3.0,Austin,True
243,Wei Ito,Marketing,56.0,"$52,838.60",2022-09-30,,CHICAGO,False
244,Zane Costa,Marketing,33.0,70229.06,2020-03-13,4.0,New York,False
245,Priya Patel,Sales,35.0,80083.0,2019-03-16,4.0,New York,False
246,Priya Khan,Marketing,41.0,62121.0,2021-06-29,5.0,Chicago,False
247,Victor Kim,Marketing,35.0,59592.07,2019-09-01,3.0,chicago,False
248,Eli Costa,Sales,22.0,67300.98,2021-10-07,,San Francisco,False
249,Rosa Haddad,Engineering,,97276.85,2020-10-18,5.0,Austin,False
250,Nia Khan,Finance,38.0,85119.76,2020-06-22,3.0,New York,False
251,Hiro Khan,Marketing,53.0,74457.73,2018-07-19,,San Francisco,False
252,Rosa Rao,eng,29.0,104699.83,2019-01-12,3.0,New York,False
253,Hiro Nguyen,Marketing,30.0,,2022-09-26,4.0,Chicago,True
254,Sam Nguyen,Engineering,49.0,105895.37,2023-04-16,3.0,New York,False
255,Farah Silva,Sales ,48.0,75291.1,2021-01-10,3.0,New York,False
256,Wei Ito,Finance,41.0,67752.75,2020-07-22,2.0,Austin,True
257,Priya Patel,Sales,44.0,68952.29,2018-12-26,4.0,San Francisco,False
258,Ivy Novak,Engineering ,55.0,97511.36,2021-12-05,5.0,Chicago,False
259,Uma Rao,Engineering,55.0,91934.99,2021-07-19,2.0,Chicago,True
260,Wei Silva,Engineering,56.0,102290.09,2020-12-05,1.0,Chicago,False
261,Eli Patel,eng,59.0,92118.29,2019-06-21,4.0,New York,False
262,Farah Novak,Engineering,34.0,,2021-02-30,2.0,Chicago,True
263,Xena Patel,Engineering,52.0,106554.39,2023-04-23,4.0,New York,True
264,Nia Patel,Engineering,32.0,100328.03,2019-04-19,4.0,New York,False
265,Victor Patel,Sales,54.0,71754.03,2021-07-30,5.0,San Francisco,False
266,Quinn Patel,Engineering,57.0,"$102,413.67",2018-05-07,3.0,NYC,False
267,Tara Fischer,Marketing,38.0,73500.27,2021-09-28,1.0,New York,True
268,Tara Silva,Finance,41.0,82728.29,2019-01-17,2.0,CHICAGO,False
269,Victor Silva,Engineering,26.0,75338.71,2021-10-30,2.0,Chicago,False
270,Tara Haddad,SALES,25.0,"$64,595.28",2019-02-05,,San Francisco,False
271,Maya Costa,Sales,29.0,66347.37,09/17/2020,5.0,San Francisco,False
272,Wei Kim,Engineering,23.0,87126.39,2020-04-09,3.0,New York,False
273,Asha Ito,Engineering,37.0,96589.42,2020-10-21,5.0,San Francisco,True
274,Eli Fischer,Finance,59.0,89537.62,2019-10-06,,Chicago,True
275,Wei Khan,Sales,,66120.76,2019-11-07,2.0,Seattle,False
276,Ivy Mensah,HR,44.0,50921.34,2019-12-27,1.0,New York,False
277,Leo Patel,Engineering,49.0,111224.28,2021-06-28,5.0,Seattle,False
278,Rosa Mensah,Sales,24.0,66388.5,2022-06-22,5.0,Seattle,False
279,Ben Novak,Finance,46.0,70136.28,2020-01-03,4.0,San Francisco,False
280,Nia Haddad,Finance,41.0,"$81,901.42",2018-02-12,1.0,Chicago,False
281,Wei Mensah,Engineering,26.0,98405.46,2019-01-25,3.0,Austin,False
282,Ivy Khan,Sales,41.0,"$64,359.60",2018-07-26,2.0,Chicago,False
283,Sam Sharma,Sales ,47.0,,2021-06-11,4.0,New York,False
284,Gita Lopez,HR,38.0,56101.44,2022-06-04,,Chicago,True
285,Yara Novak,Engineering,57.0,87616.39,2019-03-01,3.0,Austin,False
286,Victor Kim,Engineering,58.0,"$96,428.73",2020-12-03,5.0,New York,False
287,Hiro Nguyen,HR,200.0,66166.15,2020-08-13,1.0,san francisco,True
288,Tara Rao,Sales,58.0,,2020-05-27,5.0,New York,False
289,Farah Novak,Sales,31.0,"$72,645.00",2022-11-06,5.0,Austin,True
290,Quinn Fischer,Finance,26.0,79252.07,2019-06-19,5.0,Austin,False
291,Omar Patel,Engineering,46.0,117595.47,2021-06-01,5.0,New York,False
292,Xena Kim,Engineering,27.0,89331.52,2020-12-20,2.0,Chicago,False
293,Ben Novak,Sales,34.0,"$81,073.37",2022-10-17,1.0,Chicago,False
294,Leo Costa,Engineering,37.0,94581.23,2019-03-20,,New York,False
295,Dana Mensah,ENGINEERING,48.0,93985.9,2023-02-11,4.0,San Francisco,True
296,Kira Okoro,Sales,53.0,75773.32,2022-09-13,3.0,Chicago,False
297,Quinn Okoro,Finance,55.0,87151.92,2020-06-15,2.0,San Francisco,False
298,Uma Haddad,Sales,45.0,80136.13,2022-07-07,1.0,San Francisco,False
299,Chen Novak,Marketing,58.0,"$67,629.21",2021-07-18,2.0,Seattle,True
300,Priya Khan,Engineering,49.0,90196.83,2019-10-06,5.0,Chicago,True
301,Ivy Costa,Sales,55.0,65698.83,2022-09-03,1.0,San Francisco,False
302,Farah Kim,HR,43.0,64077.23,2018-02-18,1.0,New York,False
303,Wei Novak,,26.0,74647.2,2018-10-07,2.0,New York,False
304,Priya Novak,HR,29.0,71184.41,2022-11-11,2.0,Austin,False
305,Ivy Mensah,Sales,37.0,,2022-05-06,1.0,Chicago,False
306,Farah Ito,Engineering,,103481.35,2019-08-21,2.0,Austin,False
307,Dana Khan,Sales,37.0,82134.17,2023-05-26,3.0,Chicago,True
308,Ivy Ito,sales,22.0,71318.4,2021-08-06,1.0,CHICAGO,False
309,Maya Sharma,Engineering,38.0,83115.53,2019-05-01,,San Francisco,False
310,Ivy Haddad,Marketing,48.0,55565.78,2022-09-13,3.0,Chicago,True
311,Leo Rao,HR,59.0,48497.58,2023-06-07,2.0,San Francisco,False
312,Chen Khan,,150.0,107732.72,2022-05-16,1.0,san francisco,True
313,Zane Rao,Sales,33.0,63220.73,2021-06-03,1.0,San Francisco,False
314,Asha Mensah,Marketing,39.0,74854.73,2022-09-22,,Chicago,False
315,Uma Khan,Sales,-5.0,74685.86,2022-05-31,2.0,New York,False
316,Asha Haddad,Engineering,59.0,108722.15,2020-09-05,,New York,False
317,Gita Fischer,Sales,37.0,78024.75,2022-02-25,1.0,New York,False
318,Jun Khan,Sales,42.0,69181.04,2022-08-12,,New York,False
319,Uma Kim,Marketing,31.0,63399.76,2018-03-08,,Austin,True
320,Asha Novak,Sales,24.0,"$70,681.34",2020-07-11,5.0,Chicago,True
321,Yara Okoro,Engineering,36.0,96402.09,2023-02-16,2.0,CHICAGO,False
322,Dana Kim,HR,38.0,55754.05,2019-06-12,4.0,San Fran,False
323,Ivy Mensah,Finance,28.0,79738.97,2021-05-14,5.0,New York,False
324,Xena Haddad,Engineering,47.0,107874.56,2020-08-19,2.0,San Francisco,False
325,Jun Fischer,Engineering,34.0,81382.89,2021-03-18,2.0,Austin,True
326,Gita Patel,Engineering,24.0,97067.91,2019-11-02,5.0,San Francisco,False
327,Leo Patel,,42.0,52744.38,2021-06-28,,Chicago,False
328,Rosa Okoro,Finance,31.0,81496.3,2022-03-15,5.0,San Francisco,False
329,Chen Patel,Engineering,49.0,101718.85,2022-01-16,1.0,New York,False
330,Eli Kim,Engineering,22.0,94539.12,2022-07-22,4.0,Chicago,False
331,Nia Rao,,51.0,198000.0,2019-05-21,1.0,San Francisco,True
332,Yara Ito,Sales,42.0,57281.28,2018-10-10,2.0,San Francisco,False
333,Yara Novak,Finance,49.0,88855.91,2020-12-19,3.0,New York,False
334,Wei Kim,Engineering,36.0,90174.97,11/25/2018,5.0,Chicago,False
335,Leo Fischer,Engineering,55.0,99979.26,2021-06-09,4.0,San Francisco,True
336,Tara Nguyen,Sales,41.0,,2020-02-07,5.0,Chicago,True
337,Victor Novak,Sales,59.0,49315.5,2021-12-08,5.0,New York,True
338,Dana Patel,marketing,33.0,58951.49,2020-07-15,2.0,austin ,False
339,Gita Lopez,Sales,54.0,71764.07,2021-01-29,5.0,San Francisco,True
340,Dana Sharma,Engineering,,107431.81,2023-03-28,,San Francisco,True
341,Chen Silva,Sales,57.0,72298.15,2021-06-10,2.0,Seattle,True
342,Kira Silva,Finance,28.0,82061.57,2023-02-27,5.0,Chicago,False
343,Leo Mensah,HR,41.0,,2019-05-01,1.0,Chicago,False
344,Gita Ito,Engineering,56.0,106449.17,2023-04-19,4.0,San Francisco,False
345,Sam Sharma,HR,31.0,74456.62,2019-03-06,5.0,Austin,False
346,Yara Okoro,Engineering,58.0,95228.6,2021-13-45,,San Francisco,False
347,Hiro Fischer,HR,58.0,"$58,241.94",2018-04-03,4.0,Seattle,False
348,Gita Fischer,Engineering,40.0,82047.6,2021-09-16,3.0,Austin,False
349,Rosa Nguyen,Finance,49.0,87066.57,2022-10-28,4.0,Chicago,True
350,Ben Khan,Engineering,39.0,116618.23,2019-06-25,2.0,Austin,False
351,Tara Nguyen,Sales,46.0,75736.9,"November 11, 2018",1.0,San Francisco,True
352,Nia Patel,marketing,54.0,75109.63,2020-01-16,,Chicago,False
353,Leo Sharma,SALES,50.0,74336.7,2018-05-14,,New York City,True
354,Zane Lopez,Engineering,33.0,87119.87,2018-01-06,2.0,Seattle,False
355,Victor Patel,Engineering,44.0,105693.38,2020-05-04,,Austin,True
356,Eli Kim,Engineering,52.0,85123.4,2022-07-24,1.0,New York,False
357,Omar Haddad,Engineering,44.0,93314.68,2020-03-17,4.0,New York,True
358,Priya Lopez,Engineering,32.0,97230.81,2019-07-07,1.0,Chicago,False
359,Yara Kim,Engineering,50.0,102063.28,2019-03-26,2.0,Austin,False
360,Eli Mensah,Sales,49.0,73327.89,2018-06-08,2.0,New York,False
361,Wei Nguyen,Sales,46.0,73094.68,2020-02-28,2.0,Seattle,False
362,Gita Lopez,Sales,34.0,,2019-09-24,5.0,San Francisco,True
363,Uma Silva,Engineering,43.0,,2020-06-17,,Seattle,False
364,Victor Lopez,Engineering,44.0,95491.85,2019-10-09,2.0,Austin,False
365,Sam Costa,Engineering,30.0,89318.44,"March 27, 2021",,San Francisco,False
366,Maya Rao,HR,57.0,49537.71,"December 18, 2021",3.0,San Francisco,False
367,Zane Khan,Engineering,44.0,84872.43,2018-01-24,3.0,New York,False
368,Yara Novak,Sales,24.0,,2018-01-12,5.0,New York,True
369,Eli Fischer,HR,32.0,45179.37,2019-07-08,2.0,Chicago,False
370,Jun Kim,Sales,52.0,59220.25,2019-04-06,,Austin,True
371,Gita Kim,Finance,48.0,66918.9,06/26/2018,5.0,seattle,False
372,Ivy Patel,Finance,42.0,,2022-11-28,2.0,San Francisco,False
373,Omar Okoro,,40.0,98263.87,2018-06-26,2.0,Seattle,False
374,Zane Okoro,Marketing,36.0,81057.13,2022-09-06,5.0,New York,False
375,Gita Nguyen,Engineering,57.0,83019.76,"May 12, 2018",,,False
376,Rosa Okoro,Engineering,35.0,89563.22,2021-06-12,,Seattle,False
377,Victor Nguyen,Sales,53.0,77300.89,2020-02-04,5.0,New York,False
378,Tara Lopez,Marketing,24.0,63265.81,01/22/2021,5.0,Austin,False
379,Leo Lopez,Finance,42.0,77384.02,2020-11-09,1.0,Chicago,False
380,Omar Fischer,Engineering,,108673.36,2019-03-22,,Chicago,False
381,Uma Sharma,Marketing,38.0,62292.75,07/23/2018,1.0,Austin,False
382,Tara Silva,SALES,45.0,60750.44,2022-10-17,,San Francisco,False
383,Ivy Rao,Engineering,24.0,84464.48,2021-12-29,,San Francisco,True
384,Zane Sharma,Finance,25.0,82685.55,2022-03-02,3.0,San Fran,True
385,Nia Nguyen,Marketing,44.0,67441.93,2021-05-20,3.0,,False
386,Xena Ito,eng,47.0,2500000.0,2020-10-22,,Seattle,False
387,Wei Fischer,Finance,24.0,72116.83,2022-08-29,,New York,False
388,Chen Novak,Engineering,58.0,99277.7,2018-11-19,4.0,Austin,False
389,Uma Haddad,Engineering,,99618.13,"April 28, 2021",,New York,True
390,Zane Novak,Engineering,59.0,"$89,854.22",2019-03-08,2.0,New York,True
391,Victor Mensah,Finance,27.0,84977.73,2021-07-26,3.0,New York City,True
392,Hiro Haddad,Engineering,55.0,99574.84,2020-01-29,2.0,CHICAGO,False
393,Sam Mensah,Finance,46.0,65735.35,05/04/2020,1.0,New York,False
394,Zane Novak,Marketing,52.0,62503.49,2019-10-25,,New York,False
395,Ivy Silva,Engineering,,98321.0,2021-04-07,5.0,New York City,False
396,Ivy Kim,Sales,28.0,65415.39,2018-05-03,2.0,San Francisco,False
397,Chen Novak,Sales,28.0,52888.55,"March 24, 2022",2.0,Austin,False
398,Uma Kim,Sales,58.0,67735.88,2020-03-23,1.0,New York,False
399,Kira Fischer,Marketing,38.0,71016.75,2023-05-16,1.0,San Francisco,False
400,Victor Rao,Marketing,29.0,,2020-06-16,,Chicago,True
12,Ivy Silva,Mktg,55.0,63049.91,2021-09-06,3.0,Austin,False
126,Farah Nguyen,Marketing,48.0,63299.88,2021-12-01,2.0,Chicago,False
136,Farah Ito,Engineering,42.0,97927.4,2020-07-03,3.0,seattle,False
148,Gita Ito,Sales,,"$64,584.08",2019-04-14,4.0,Austin,True
333,Yara Novak,Finance,49.0,88855.91,2020-12-19,3.0,New York,False
380,Omar Fischer,Engineering,,108673.36,2019-03-22,,Chicago,False
165,Tara Costa,Engineering,57.0,114621.93,2022-12-17,5.0,Chicago,False
293,Ben Novak,Sales,34.0,"$81,073.37",2022-10-17,1.0,Chicago,False
248,Eli Costa,Sales,22.0,67300.98,2021-10-07,,San Francisco,False
182,Sam Haddad,finance,27.0,76076.13,2021-09-14,5.0,New York,True
83,Gita Rao,Sales,50.0,57602.04,2022-03-16,2.0,San Francisco,False
282,Ivy Khan,Sales,41.0,"$64,359.60",2018-07-26,2.0,Chicago,False
234,Maya Fischer,Engineering,54.0,99847.08,2018-05-19,,Seattle,False
125,Chen Mensah,Sales,,65670.45,2018-04-16,4.0,Chicago,False
250,Nia Khan,Finance,38.0,85119.76,2020-06-22,3.0,New York,False
