order_id,order_date,customer_id,product_category,region,quantity,unit_price,payment_method,is_returned
2288,2023-01-01,40,Books,South,3,7.19,UPI,True
2209,2023-01-02,7,Electronics,East,3,309.27,UPI,False
2282,2023-01-02,4,Electronics,West,2,104.09,Credit Card,False
2422,2023-01-03,50,Sports,West,3,132.53,Debit Card,False
1181,2023-01-04,20,Electronics,East,2,265.22,Credit Card,True
1573,2023-01-04,15,Home,East,5,159.19,UPI,False
1645,2023-01-04,30,Clothing,East,2,39.85,Debit Card,False
1646,2023-01-04,13,Electronics,West,4,191.65,Debit Card,False
1701,2023-01-04,1,Books,South,1,8.88,Debit Card,False
2037,2023-01-04,29,Clothing,South,5,22.0,Credit Card,False
2094,2023-01-04,27,Books,North,2,59.11,UPI,False
2350,2023-01-04,36,Books,East,4,34.86,Debit Card,False
1265,2023-01-05,41,Home,East,1,195.45,UPI,False
1375,2023-01-06,35,Electronics,North,1,124.84,UPI,False
1507,2023-01-06,7,Sports,South,1,143.31,Debit Card,False
1990,2023-01-06,50,Clothing,West,1,27.16,UPI,False
2079,2023-01-06,20,Sports,East,3,110.33,Debit Card,True
1975,2023-01-07,47,Home,South,1,111.65,Debit Card,False
2332,2023-01-07,14,Electronics,West,4,204.76,UPI,False
1103,2023-01-08,23,Clothing,East,1,113.88,UPI,False
1870,2023-01-08,47,Clothing,East,4,26.35,Debit Card,False
1590,2023-01-09,21,Books,South,4,21.6,UPI,False
1601,2023-01-09,14,Electronics,South,5,424.28,Credit Card,False
2482,2023-01-10,10,Electronics,East,4,376.43,UPI,False
1210,2023-01-11,48,Electronics,North,5,404.04,Credit Card,False
1639,2023-01-11,3,Clothing,North,1,41.72,Cash,False
1838,2023-01-11,25,Home,East,3,121.47,Credit Card,False
1921,2023-01-11,43,Electronics,West,3,329.16,Debit Card,True
1689,2023-01-12,48,Electronics,North,1,87.89,Credit Card,False
2166,2023-01-13,2,Books,North,3,21.02,Debit Card,False
2424,2023-01-13,31,Home,West,1,217.03,Cash,False
1215,2023-01-14,17,Sports,South,2,26.63,Cash,False
1278,2023-01-14,18,Clothing,West,2,62.72,UPI,False
2394,2023-01-14,13,Home,South,4,76.41,Credit Card,False
2452,2023-01-14,12,Electronics,North,3,314.41,UPI,False
1033,2023-01-15,35,Home,West,1,182.53,UPI,False
1100,2023-01-16,27,Sports,West,1,51.35,Debit Card,False
1340,2023-01-16,23,Electronics,North,1,256.76,UPI,False
2329,2023-01-16,12,Clothing,North,5,65.46,Credit Card,False
1072,2023-01-17,19,Home,South,4,218.71,Debit Card,False
1169,2023-01-17,2,Electronics,West,1,62.11,Credit Card,True
1967,2023-01-17,13,Electronics,East,3,133.46,Debit Card,False
1621,2023-01-18,5,Clothing,South,4,109.62,Debit Card,False
1229,2023-01-19,10,Books,North,4,13.59,UPI,False
1254,2023-01-19,24,Sports,West,4,52.82,Cash,False
1980,2023-01-19,19,Books,East,2,54.99,Credit Card,False
2199,2023-01-19,40,Home,South,1,52.39,UPI,False
1630,2023-01-22,8,Home,North,2,242.98,UPI,False
2100,2023-01-22,20,Books,North,5,43.01,UPI,False
2293,2023-01-22,10,Home,North,2,89.96,Credit Card,False
2390,2023-01-22,24,Home,South,3,147.73,Credit Card,False
2336,2023-01-23,48,Clothing,South,2,105.28,Debit Card,False
1185,2023-01-24,31,Electronics,North,2,79.53,UPI,False
1587,2023-01-24,46,Sports,North,4,126.02,Credit Card,False
1463,2023-01-26,21,Home,North,3,75.77,UPI,False
2483,2023-01-26,38,Home,North,5,72.99,Credit Card,False
1644,2023-01-27,37,Electronics,South,2,71.46,Cash,False
1770,2023-01-27,11,Home,West,4,135.36,Credit Card,False
2066,2023-01-27,27,Sports,East,3,124.09,Credit Card,False
2246,2023-01-27,6,Home,West,5,145.57,Credit Card,False
1128,2023-01-28,50,Books,South,4,12.67,Debit Card,False
1670,2023-01-30,9,Books,North,1,18.49,Cash,True
2040,2023-01-30,18,Electronics,East,5,499.86,Credit Card,False
2252,2023-01-30,26,Clothing,North,4,42.4,Credit Card,False
1050,2023-01-31,36,Sports,East,1,36.92,Credit Card,False
1702,2023-01-31,29,Sports,South,4,105.66,Debit Card,False
1819,2023-01-31,8,Electronics,North,3,439.95,Credit Card,False
1899,2023-01-31,49,Sports,South,2,131.64,UPI,False
1362,2023-02-01,29,Clothing,East,4,49.24,Debit Card,False
1617,2023-02-01,5,Electronics,North,5,99.46,UPI,False
1152,2023-02-02,13,Electronics,East,1,191.42,Debit Card,False
1197,2023-02-02,29,Home,South,3,71.75,Cash,False
1611,2023-02-02,15,Books,South,5,28.15,Credit Card,False
1910,2023-02-02,42,Home,West,2,234.05,Credit Card,False
2263,2023-02-04,49,Clothing,West,2,92.87,Debit Card,False
2326,2023-02-04,32,Home,West,1,26.4,Credit Card,False
1374,2023-02-05,18,Clothing,North,4,26.81,UPI,False
2070,2023-02-05,48,Clothing,South,3,54.87,UPI,False
2086,2023-02-05,6,Sports,West,5,31.52,Debit Card,False
2318,2023-02-05,11,Books,East,5,46.05,Debit Card,False
1499,2023-02-06,29,Electronics,North,2,269.4,Credit Card,False
2442,2023-02-06,21,Books,North,4,29.66,Credit Card,False
1384,2023-02-07,34,Electronics,North,4,391.04,UPI,False
1648,2023-02-07,38,Home,North,3,131.07,UPI,False
2253,2023-02-07,47,Sports,North,5,13.19,Credit Card,False
2264,2023-02-07,4,Electronics,East,5,469.3,Credit Card,False
2453,2023-02-07,10,Home,South,2,185.6,Debit Card,False
1346,2023-02-08,50,Books,West,4,33.55,Credit Card,False
1687,2023-02-08,48,Books,East,5,41.64,Cash,False
1698,2023-02-09,15,Electronics,North,2,141.08,Credit Card,True
1342,2023-02-10,45,Clothing,East,5,89.6,Credit Card,False
1821,2023-02-10,23,Electronics,West,3,95.61,Cash,False
1826,2023-02-10,17,Sports,South,5,29.92,Cash,False
2067,2023-02-10,19,Books,North,4,46.19,Debit Card,False
1658,2023-02-11,11,Sports,West,5,36.28,UPI,False
1936,2023-02-12,2,Home,West,3,218.98,Debit Card,False
2415,2023-02-13,19,Electronics,North,4,196.86,Credit Card,False
1419,2023-02-14,28,Home,West,2,201.37,Debit Card,False
2151,2023-02-14,10,Electronics,East,4,124.71,Cash,False
2211,2023-02-14,6,Electronics,East,1,100.94,Debit Card,False
2270,2023-02-14,32,Electronics,East,1,262.95,Credit Card,False
1079,2023-02-17,16,Books,East,1,12.64,Cash,False
2256,2023-02-17,50,Books,West,2,29.78,Credit Card,True
1318,2023-02-18,37,Sports,West,3,66.58,UPI,False
1835,2023-02-18,41,Home,West,5,249.27,Credit Card,True
1187,2023-02-19,33,Clothing,South,3,44.47,Credit Card,False
2162,2023-02-19,47,Books,East,4,34.25,Credit Card,False
1699,2023-02-21,13,Electronics,North,5,368.34,Credit Card,False
1459,2023-02-22,41,Electronics,North,3,471.19,Credit Card,False
1822,2023-02-22,3,Electronics,East,5,167.11,Debit Card,False
2015,2023-02-24,26,Electronics,North,2,337.86,UPI,False
2053,2023-02-24,30,Sports,West,4,35.18,Credit Card,False
1855,2023-02-25,50,Home,North,5,46.46,Credit Card,False
1827,2023-02-26,24,Electronics,North,2,73.46,UPI,False
1017,2023-02-27,33,Electronics,South,3,290.63,Debit Card,False
2371,2023-02-27,22,Clothing,North,4,21.26,Debit Card,False
2388,2023-02-27,9,Home,East,1,40.31,Debit Card,False
1896,2023-02-28,9,Home,East,5,23.56,Credit Card,False
1239,2023-03-01,48,Sports,West,1,20.25,Debit Card,False
1080,2023-03-02,35,Home,East,2,228.84,UPI,False
2161,2023-03-02,10,Home,West,1,70.21,UPI,False
1046,2023-03-03,49,Clothing,North,2,78.21,Debit Card,False
1231,2023-03-03,5,Clothing,East,5,50.64,UPI,False
1478,2023-03-03,25,Electronics,South,2,375.89,Credit Card,False
1922,2023-03-03,20,Home,West,4,108.37,Credit Card,False
2056,2023-03-03,44,Books,East,4,36.47,UPI,False
2128,2023-03-03,48,Electronics,South,4,119.97,Debit Card,False
1553,2023-03-04,13,Sports,West,4,12.72,Credit Card,False
1681,2023-03-04,9,Clothing,West,2,94.77,Debit Card,False
1528,2023-03-06,47,Clothing,North,3,31.48,Credit Card,False
2343,2023-03-06,17,Sports,South,2,27.14,UPI,False
1495,2023-03-07,33,Books,West,1,45.16,Debit Card,False
2331,2023-03-07,37,Home,North,3,169.6,UPI,False
1159,2023-03-08,27,Books,East,1,13.89,UPI,True
1626,2023-03-08,42,Electronics,West,3,334.19,Credit Card,False
1710,2023-03-08,2,Books,South,5,43.71,UPI,False
2433,2023-03-08,39,Electronics,South,5,493.36,UPI,False
1176,2023-03-10,7,Home,West,5,237.52,Cash,False
1381,2023-03-10,42,Books,North,3,58.69,Credit Card,False
1751,2023-03-10,42,Electronics,South,4,319.08,Debit Card,False
2490,2023-03-10,42,Books,North,5,20.24,UPI,False
1043,2023-03-11,23,Clothing,South,5,66.74,Cash,False
1474,2023-03-11,39,Books,North,3,8.24,Credit Card,False
1500,2023-03-11,9,Electronics,South,2,419.51,UPI,False
1591,2023-03-11,20,Electronics,West,5,39.62,UPI,False
1777,2023-03-11,27,Books,North,4,51.72,Credit Card,False
1018,2023-03-12,19,Home,West,1,75.49,UPI,True
1388,2023-03-14,34,Home,West,3,219.02,UPI,False
1691,2023-03-14,23,Books,East,1,7.68,Debit Card,False
1380,2023-03-16,7,Electronics,South,3,142.77,Credit Card,False
2089,2023-03-16,1,Electronics,North,3,323.2,UPI,False
2236,2023-03-16,12,Home,South,5,112.2,Credit Card,False
1058,2023-03-17,31,Sports,South,4,133.37,Credit Card,False
2159,2023-03-17,37,Home,East,5,179.94,Debit Card,False
2250,2023-03-17,26,Clothing,South,5,104.8,Debit Card,False
1316,2023-03-18,16,Electronics,North,2,139.46,UPI,False
1966,2023-03-18,27,Clothing,North,3,11.75,Debit Card,False
1260,2023-03-19,10,Electronics,West,3,268.92,UPI,False
1383,2023-03-19,17,Books,East,4,45.28,UPI,False
1618,2023-03-19,22,Books,East,3,41.22,Credit Card,False
1122,2023-03-20,39,Electronics,East,5,89.59,Credit Card,False
2027,2023-03-20,7,Home,South,1,67.15,Credit Card,False
1110,2023-03-21,48,Clothing,West,1,53.56,Credit Card,False
1280,2023-03-21,40,Home,East,2,228.53,Credit Card,False
2072,2023-03-21,3,Clothing,North,1,27.7,Debit Card,False
1608,2023-03-22,8,Clothing,North,5,74.25,Credit Card,False
2338,2023-03-22,8,Electronics,East,4,274.63,UPI,False
2266,2023-03-23,30,Electronics,East,3,464.67,Credit Card,False
2284,2023-03-23,42,Clothing,North,1,62.55,Debit Card,False
2289,2023-03-23,46,Electronics,North,1,129.15,UPI,False
2379,2023-03-24,11,Sports,South,4,37.02,UPI,False
1301,2023-03-25,44,Home,West,1,73.75,UPI,False
1673,2023-03-25,4,Sports,South,5,118.27,Credit Card,False
2016,2023-03-25,24,Clothing,West,2,22.68,Debit Card,False
2121,2023-03-25,28,Home,West,2,162.26,Debit Card,False
1165,2023-03-26,42,Electronics,South,5,291.27,Credit Card,False
1338,2023-03-26,3,Home,East,5,46.47,Credit Card,False
1820,2023-03-26,50,Books,North,2,20.05,UPI,False
1526,2023-03-27,31,Clothing,East,3,28.67,Debit Card,False
1113,2023-03-28,34,Books,South,1,43.21,Credit Card,False
1297,2023-03-28,28,Home,North,4,22.34,Debit Card,False
1578,2023-03-28,3,Sports,East,3,29.33,UPI,False
1524,2023-03-29,22,Electronics,East,2,99.5,Credit Card,False
1663,2023-03-29,49,Clothing,South,1,106.52,Credit Card,True
1746,2023-03-29,45,Electronics,East,3,489.46,Debit Card,False
1850,2023-03-29,7,Home,East,3,197.3,Cash,False
1957,2023-03-29,3,Electronics,East,4,216.13,UPI,False
2143,2023-03-29,39,Electronics,East,5,357.81,UPI,False
1218,2023-03-30,25,Clothing,East,1,86.47,Credit Card,False
2419,2023-03-30,2,Clothing,South,2,110.87,UPI,False
1186,2023-03-31,9,Sports,South,3,64.98,UPI,False
1583,2023-03-31,17,Sports,East,2,126.39,Credit Card,False
1584,2023-03-31,40,Electronics,West,4,198.56,Credit Card,False
1236,2023-04-01,9,Electronics,East,1,463.15,Cash,False
2038,2023-04-01,10,Electronics,South,2,353.62,Credit Card,False
2405,2023-04-01,36,Electronics,North,1,380.83,Debit Card,False
1674,2023-04-02,20,Sports,West,2,129.08,UPI,False
2410,2023-04-02,12,Sports,West,1,37.16,Credit Card,False
2430,2023-04-03,40,Clothing,North,3,90.45,UPI,False
1021,2023-04-04,5,Electronics,West,2,197.9,Credit Card,False
1559,2023-04-04,1,Clothing,West,2,106.25,Credit Card,False
1805,2023-04-04,3,Sports,West,2,68.34,Debit Card,False
1505,2023-04-05,23,Home,North,5,224.73,Credit Card,False
1745,2023-04-05,30,Sports,West,4,39.59,Cash,False
1234,2023-04-06,48,Electronics,South,2,168.63,UPI,False
1214,2023-04-07,39,Electronics,West,1,301.35,Credit Card,False
1243,2023-04-07,44,Electronics,North,3,421.24,Debit Card,False
1470,2023-04-07,49,Home,West,2,108.28,Debit Card,False
2445,2023-04-07,39,Sports,East,1,116.74,UPI,False
1748,2023-04-08,33,Sports,West,3,35.45,Debit Card,False
1404,2023-04-09,7,Home,East,2,139.73,UPI,False
2158,2023-04-09,39,Home,South,2,167.93,Credit Card,False
1623,2023-04-10,17,Clothing,South,5,81.27,Debit Card,False
2142,2023-04-10,36,Sports,South,2,129.69,UPI,False
1482,2023-04-11,13,Electronics,East,2,471.07,Credit Card,False
2328,2023-04-11,38,Home,South,2,16.01,UPI,False
1521,2023-04-12,48,Electronics,South,5,156.32,UPI,False
2245,2023-04-12,42,Electronics,West,4,497.52,Cash,True
1041,2023-04-13,22,Sports,South,4,29.94,Debit Card,False
1106,2023-04-13,3,Books,East,2,37.63,Debit Card,False
1262,2023-04-13,50,Books,North,3,50.53,UPI,False
1420,2023-04-13,36,Clothing,West,1,93.26,UPI,False
1569,2023-04-13,6,Clothing,South,3,10.25,UPI,False
1129,2023-04-14,31,Electronics,South,1,256.87,Debit Card,False
1890,2023-04-14,18,Home,East,2,165.01,Debit Card,False
1987,2023-04-14,13,Clothing,West,3,18.11,Debit Card,False
1634,2023-04-15,42,Books,South,4,18.28,Credit Card,False
2412,2023-04-15,39,Books,West,1,37.18,Debit Card,False
1056,2023-04-16,16,Clothing,West,1,83.53,UPI,False
1208,2023-04-16,9,Clothing,West,4,114.88,Credit Card,False
1328,2023-04-16,48,Sports,West,3,148.02,Debit Card,False
1724,2023-04-16,42,Electronics,North,4,194.81,Credit Card,False
1863,2023-04-16,34,Electronics,South,5,313.71,Debit Card,False
1322,2023-04-17,33,Clothing,South,1,87.75,UPI,False
1552,2023-04-18,28,Electronics,North,3,378.37,Credit Card,False
1775,2023-04-18,6,Clothing,West,2,22.02,Credit Card,False
2407,2023-04-18,44,Home,East,3,156.49,UPI,False
1257,2023-04-19,27,Electronics,North,2,361.76,Credit Card,False
1738,2023-04-19,34,Clothing,East,2,110.4,Credit Card,False
2375,2023-04-19,30,Home,South,3,127.92,Debit Card,False
1904,2023-04-20,29,Sports,South,3,77.56,Debit Card,False
2324,2023-04-20,10,Home,East,2,26.01,Debit Card,False
2477,2023-04-20,31,Clothing,North,4,76.25,Credit Card,False
2498,2023-04-20,41,Clothing,East,2,92.36,Debit Card,False
1073,2023-04-21,19,Sports,North,3,58.44,UPI,False
1157,2023-04-21,19,Electronics,East,4,257.74,Credit Card,False
2281,2023-04-21,36,Electronics,North,4,163.83,UPI,False
1190,2023-04-22,23,Electronics,West,4,414.35,Credit Card,False
1336,2023-04-23,43,Electronics,North,4,407.28,Credit Card,False
1761,2023-04-23,18,Sports,North,2,130.98,Credit Card,False
1846,2023-04-23,20,Home,East,1,172.12,Debit Card,False
2029,2023-04-23,30,Clothing,North,5,52.63,Credit Card,False
2337,2023-04-23,41,Clothing,East,2,12.49,Cash,False
1333,2023-04-24,5,Sports,East,3,107.92,Credit Card,False
1684,2023-04-24,20,Sports,South,1,77.41,Credit Card,True
2206,2023-04-24,44,Electronics,South,3,151.85,Debit Card,False
1647,2023-04-25,17,Electronics,South,1,249.88,Debit Card,False
2455,2023-04-25,4,Home,South,1,17.88,UPI,False
1550,2023-04-26,22,Electronics,South,3,393.59,Credit Card,False
1737,2023-04-26,32,Books,North,3,32.82,Debit Card,False
2495,2023-04-27,37,Clothing,North,4,42.79,UPI,False
1087,2023-04-28,10,Home,North,1,95.53,UPI,False
2287,2023-04-29,38,Electronics,West,5,46.59,Credit Card,False
2356,2023-04-29,24,Clothing,West,1,12.17,Debit Card,False
1876,2023-04-30,17,Electronics,East,3,181.57,Credit Card,False
1150,2023-05-01,9,Clothing,South,4,29.84,Credit Card,False
1332,2023-05-01,9,Home,East,2,44.94,Debit Card,False
1423,2023-05-01,30,Electronics,South,5,407.32,Credit Card,True
2396,2023-05-01,38,Clothing,South,4,81.84,Credit Card,False
2437,2023-05-01,30,Home,East,1,199.47,Debit Card,False
1267,2023-05-02,19,Books,West,2,37.42,Debit Card,False
1878,2023-05-02,23,Electronics,South,1,144.46,Credit Card,False
1503,2023-05-03,2,Sports,West,3,101.83,Credit Card,False
1485,2023-05-04,32,Home,South,2,212.46,Debit Card,False
1062,2023-05-05,21,Home,South,3,126.51,UPI,False
1993,2023-05-05,46,Home,East,3,79.61,UPI,False
2233,2023-05-05,9,Clothing,West,2,55.84,UPI,False
1504,2023-05-06,17,Books,North,1,7.86,Credit Card,False
1708,2023-05-07,36,Clothing,South,1,89.65,Debit Card,False
1832,2023-05-07,41,Sports,South,4,16.52,Debit Card,False
2416,2023-05-07,25,Sports,West,4,16.96,UPI,False
1059,2023-05-08,29,Clothing,South,4,70.17,Credit Card,False
1211,2023-05-08,4,Electronics,East,5,484.07,Cash,False
1344,2023-05-08,38,Electronics,South,3,421.22,UPI,False
1561,2023-05-09,2,Clothing,North,1,50.84,Cash,False
1030,2023-05-10,6,Clothing,East,3,56.04,UPI,False
1461,2023-05-10,41,Books,South,1,33.62,Debit Card,False
1974,2023-05-10,10,Sports,East,2,108.56,Credit Card,False
2205,2023-05-10,33,Electronics,South,3,412.07,Credit Card,False
1192,2023-05-11,13,Clothing,North,2,92.89,Debit Card,False
1051,2023-05-12,47,Electronics,East,4,88.81,UPI,False
1149,2023-05-12,27,Clothing,North,3,47.36,Credit Card,False
1269,2023-05-13,42,Home,South,3,89.73,UPI,False
1364,2023-05-13,36,Electronics,North,1,74.47,UPI,False
1906,2023-05-13,38,Electronics,North,2,281.55,Cash,False
1435,2023-05-14,23,Electronics,West,5,450.37,Credit Card,False
1712,2023-05-14,3,Electronics,South,4,136.46,Debit Card,False
2439,2023-05-14,24,Electronics,North,5,167.42,UPI,False
2232,2023-05-16,34,Clothing,North,5,73.95,UPI,False
2463,2023-05-16,9,Electronics,East,3,186.54,Credit Card,True
2126,2023-05-17,43,Sports,East,5,67.68,Credit Card,False
2145,2023-05-17,23,Clothing,South,4,75.5,UPI,True
1053,2023-05-18,32,Electronics,North,2,358.34,Debit Card,False
2334,2023-05-18,6,Books,East,3,42.06,UPI,True
2451,2023-05-19,36,Books,East,2,35.47,Debit Card,False
1978,2023-05-20,44,Books,North,4,27.77,Debit Card,False
2323,2023-05-20,20,Electronics,West,3,421.86,Debit Card,False
1323,2023-05-21,33,Clothing,South,1,119.52,Debit Card,False
1688,2023-05-21,49,Sports,North,2,131.2,Credit Card,False
1913,2023-05-21,10,Electronics,West,5,462.54,Credit Card,False
1915,2023-05-22,6,Electronics,North,3,230.44,Debit Card,False
1343,2023-05-23,38,Clothing,North,2,70.76,Debit Card,False
1198,2023-05-24,44,Clothing,North,1,39.16,UPI,False
1793,2023-05-24,47,Clothing,East,2,62.11,Credit Card,False
1638,2023-05-25,41,Clothing,East,1,22.33,Debit Card,True
1226,2023-05-26,7,Electronics,East,4,215.17,Credit Card,False
1885,2023-05-27,18,Sports,North,3,137.3,Debit Card,False
1024,2023-05-28,37,Electronics,West,2,77.54,Debit Card,False
1139,2023-05-28,12,Home,North,5,247.75,Debit Card,True
1453,2023-05-28,43,Clothing,East,5,119.7,UPI,False
1464,2023-05-28,46,Electronics,South,2,413.47,UPI,False
1672,2023-05-28,42,Home,North,3,112.24,UPI,False
2164,2023-05-28,31,Clothing,South,1,89.89,UPI,False
2274,2023-06-01,50,Electronics,South,2,286.06,Debit Card,False
1535,2023-06-02,30,Home,South,2,212.87,Debit Card,False
1872,2023-06-02,47,Books,North,4,34.87,Credit Card,False
2195,2023-06-07,14,Sports,West,3,44.41,Credit Card,False
2382,2023-06-07,42,Electronics,North,2,459.41,Debit Card,False
1764,2023-06-08,30,Books,East,4,30.69,Cash,False
1703,2023-06-09,38,Clothing,North,5,10.18,UPI,False
2155,2023-06-10,37,Books,East,5,7.41,UPI,False
2057,2023-06-12,45,Clothing,East,5,106.74,Cash,False
1163,2023-06-13,43,Electronics,North,4,466.29,Debit Card,True
1776,2023-06-14,22,Electronics,South,4,318.97,Credit Card,True
1367,2023-06-16,37,Sports,West,1,105.06,UPI,False
2312,2023-06-16,26,Electronics,East,2,470.97,UPI,False
1212,2023-06-17,45,Clothing,North,3,87.4,Debit Card,True
2303,2023-06-17,47,Electronics,North,4,247.49,UPI,False
1126,2023-06-18,46,Electronics,East,1,117.11,Credit Card,True
2279,2023-06-18,15,Home,North,4,230.42,Credit Card,False
2345,2023-06-18,10,Clothing,East,3,106.84,Debit Card,False
2456,2023-06-18,43,Clothing,East,2,79.55,UPI,False
1286,2023-06-19,40,Clothing,South,5,12.24,UPI,False
1426,2023-06-19,13,Clothing,West,3,14.63,Credit Card,False
1912,2023-06-19,47,Clothing,East,4,65.41,Credit Card,False
2091,2023-06-20,47,Books,East,4,52.21,Debit Card,False
1437,2023-06-21,28,Books,West,1,55.04,UPI,False
2088,2023-06-21,3,Home,North,1,185.22,Credit Card,False
2186,2023-06-21,8,Home,North,1,61.57,Credit Card,False
1127,2023-06-22,6,Clothing,East,1,16.03,Credit Card,False
1310,2023-06-22,32,Books,East,1,16.41,UPI,False
1366,2023-06-22,26,Electronics,North,2,109.05,Credit Card,False
1519,2023-06-22,15,Electronics,West,1,90.38,Credit Card,False
2409,2023-06-22,46,Electronics,South,2,224.78,Debit Card,False
2108,2023-06-23,16,Electronics,South,2,136.63,UPI,False
1654,2023-06-24,24,Home,West,1,123.19,Credit Card,False
1847,2023-06-24,40,Electronics,South,3,212.1,UPI,False
2065,2023-06-24,11,Clothing,West,3,45.64,Debit Card,False
1184,2023-06-25,43,Electronics,South,1,282.15,Credit Card,False
1393,2023-06-25,41,Clothing,West,2,62.39,UPI,False
1632,2023-06-25,44,Home,East,2,164.44,Debit Card,False
2051,2023-06-26,13,Books,West,2,32.44,Credit Card,False
2202,2023-06-26,41,Clothing,South,5,56.39,Credit Card,False
2342,2023-06-26,15,Electronics,South,5,347.17,Credit Card,False
1924,2023-06-27,47,Home,West,3,119.95,Credit Card,False
2306,2023-06-27,19,Home,South,3,15.88,Debit Card,False
1115,2023-06-28,45,Clothing,South,5,47.94,Credit Card,False
1657,2023-06-28,21,Books,West,4,27.64,UPI,False
1907,2023-06-28,27,Books,West,1,27.83,UPI,False
1631,2023-06-29,4,Clothing,South,4,60.51,Debit Card,False
1789,2023-06-29,27,Sports,West,2,34.62,Credit Card,False
1813,2023-06-29,49,Clothing,North,4,60.02,Credit Card,False
2254,2023-06-29,22,Clothing,North,5,77.58,Credit Card,False
1308,2023-06-30,8,Electronics,East,3,54.12,UPI,False
2315,2023-06-30,25,Clothing,West,2,81.37,Credit Card,False
1725,2023-07-01,18,Electronics,South,2,427.36,UPI,True
2363,2023-07-01,20,Electronics,East,3,482.09,Credit Card,False
1283,2023-07-02,3,Clothing,East,5,57.02,Debit Card,False
1368,2023-07-02,46,Sports,West,1,19.96,Cash,False
1417,2023-07-02,49,Electronics,South,3,223.0,Debit Card,False
2213,2023-07-02,24,Home,North,4,85.98,Credit Card,False
1496,2023-07-04,41,Clothing,East,3,114.46,UPI,False
1719,2023-07-05,15,Clothing,North,1,70.91,Credit Card,False
2107,2023-07-05,15,Books,East,3,52.23,Debit Card,False
2362,2023-07-05,16,Books,South,1,18.48,UPI,False
2460,2023-07-05,44,Electronics,South,4,155.25,UPI,False
1146,2023-07-06,31,Home,East,4,18.32,Credit Card,False
2225,2023-07-06,22,Books,South,5,59.14,Debit Card,False
1733,2023-07-07,9,Sports,South,1,128.98,Debit Card,False
1979,2023-07-09,29,Electronics,East,2,397.67,Debit Card,False
1011,2023-07-10,18,Electronics,East,1,245.58,UPI,False
2302,2023-07-10,34,Books,West,1,9.84,Cash,False
1180,2023-07-11,6,Clothing,North,2,109.57,UPI,False
2097,2023-07-11,44,Sports,West,2,93.33,UPI,False
1009,2023-07-12,13,Clothing,East,2,87.69,Debit Card,False
2259,2023-07-12,26,Sports,South,1,81.4,Credit Card,False
2421,2023-07-13,32,Clothing,West,5,115.2,Credit Card,False
1006,2023-07-14,43,Electronics,West,5,125.55,Cash,False
1092,2023-07-14,45,Books,East,4,15.21,UPI,False
1418,2023-07-14,28,Electronics,South,3,411.44,UPI,False
2061,2023-07-14,7,Sports,North,2,26.88,Credit Card,False
2229,2023-07-14,10,Sports,East,5,59.0,Cash,False
2473,2023-07-15,22,Sports,East,4,130.94,Debit Card,False
1309,2023-07-16,40,Sports,South,4,73.13,Credit Card,False
1811,2023-07-16,10,Home,West,1,176.24,UPI,False
1923,2023-07-16,6,Clothing,South,4,10.48,Debit Card,False
1544,2023-07-17,6,Sports,East,1,101.48,UPI,False
1579,2023-07-17,19,Electronics,North,1,133.69,UPI,False
1690,2023-07-17,44,Clothing,West,5,50.27,Debit Card,False
1016,2023-07-18,44,Electronics,North,4,175.58,Cash,False
2440,2023-07-19,25,Home,South,5,157.99,UPI,False
1305,2023-07-20,40,Home,West,3,151.5,Credit Card,False
2122,2023-07-20,42,Sports,South,2,19.91,UPI,False
2291,2023-07-20,23,Electronics,West,1,318.31,Credit Card,False
1081,2023-07-21,3,Sports,North,1,84.4,Debit Card,False
1750,2023-07-22,9,Electronics,East,3,210.74,Credit Card,False
1992,2023-07-22,31,Books,East,5,28.37,Cash,False
1213,2023-07-23,1,Sports,South,1,32.62,Credit Card,False
1199,2023-07-24,38,Home,South,3,101.18,UPI,False
1828,2023-07-24,48,Home,East,5,46.11,Debit Card,False
2351,2023-07-24,42,Electronics,North,2,143.51,Credit Card,True
1114,2023-07-25,25,Books,North,1,20.06,UPI,False
1373,2023-07-26,21,Sports,West,1,56.82,Credit Card,False
2210,2023-07-26,18,Electronics,South,1,46.63,Credit Card,False
1099,2023-07-27,24,Books,West,2,53.17,Debit Card,False
1334,2023-07-27,34,Sports,West,1,77.8,Debit Card,False
1614,2023-07-27,3,Clothing,North,3,116.63,Credit Card,False
2009,2023-07-27,37,Home,South,3,20.47,Debit Card,False
2182,2023-07-27,12,Electronics,North,1,428.79,Cash,False
1250,2023-07-29,17,Sports,South,1,136.73,Debit Card,True
1281,2023-07-30,33,Home,South,4,186.82,Debit Card,False
1460,2023-07-30,17,Electronics,North,2,321.17,UPI,False
1641,2023-07-30,22,Clothing,North,2,67.74,Credit Card,False
1655,2023-07-30,16,Books,North,5,12.19,Credit Card,False
2030,2023-07-30,24,Electronics,North,4,194.46,Debit Card,False
1295,2023-07-31,38,Clothing,North,2,62.19,UPI,False
2283,2023-07-31,41,Home,West,3,66.58,UPI,False
1142,2023-08-01,5,Electronics,South,5,223.08,UPI,False
2361,2023-08-01,13,Sports,South,4,73.17,Credit Card,False
1914,2023-08-02,30,Electronics,North,3,263.52,UPI,False
2251,2023-08-03,2,Clothing,West,4,71.96,Credit Card,False
1071,2023-08-04,17,Clothing,South,3,33.96,Debit Card,False
1596,2023-08-04,41,Sports,North,1,74.13,Credit Card,False
2446,2023-08-04,28,Books,East,3,37.09,Debit Card,False
1219,2023-08-05,23,Clothing,East,5,110.11,Credit Card,False
1438,2023-08-05,2,Electronics,East,1,123.87,UPI,False
2138,2023-08-05,45,Home,West,2,59.57,UPI,False
2381,2023-08-05,22,Home,West,1,203.06,UPI,False
2039,2023-08-06,25,Sports,South,2,65.14,Cash,False
1063,2023-08-07,1,Sports,North,2,131.16,Credit Card,False
1153,2023-08-07,23,Books,East,1,51.85,Credit Card,False
1771,2023-08-07,45,Clothing,North,1,33.69,Credit Card,False
2116,2023-08-07,5,Electronics,West,3,24.43,UPI,False
2200,2023-08-07,11,Sports,North,3,147.23,Credit Card,False
2203,2023-08-07,44,Electronics,North,1,288.11,UPI,False
1242,2023-08-08,13,Home,South,2,194.73,UPI,False
1728,2023-08-08,20,Electronics,East,2,57.95,Debit Card,True
1107,2023-08-09,1,Electronics,East,5,494.76,Credit Card,False
1602,2023-08-09,8,Books,South,1,58.55,Debit Card,False
2167,2023-08-09,16,Clothing,East,4,65.72,UPI,False
2276,2023-08-09,24,Electronics,West,4,40.09,Cash,False
2401,2023-08-09,19,Sports,South,1,77.1,Credit Card,False
1752,2023-08-11,45,Books,West,3,55.77,Credit Card,False
1955,2023-08-11,43,Clothing,East,3,99.63,UPI,False
1026,2023-08-12,40,Sports,South,4,67.72,UPI,False
1905,2023-08-12,38,Electronics,East,2,463.58,Cash,False
2191,2023-08-12,8,Sports,South,5,43.7,UPI,False
1986,2023-08-13,25,Clothing,North,5,100.92,Debit Card,False
1039,2023-08-14,1,Electronics,South,5,465.89,Debit Card,False
1133,2023-08-15,30,Sports,East,2,91.37,Debit Card,False
1200,2023-08-15,17,Home,West,5,183.62,Debit Card,False
1326,2023-08-15,24,Electronics,East,1,286.67,Cash,True
1860,2023-08-16,30,Home,North,3,96.41,UPI,False
1549,2023-08-17,8,Sports,East,2,31.98,Debit Card,False
2262,2023-08-17,22,Home,East,5,158.86,Credit Card,False
1247,2023-08-18,8,Clothing,West,2,75.02,Cash,False
1548,2023-08-18,9,Books,East,1,46.61,UPI,False
1814,2023-08-18,38,Home,South,3,34.52,Debit Card,False
1834,2023-08-18,9,Clothing,West,4,91.09,UPI,False
1109,2023-08-19,5,Books,East,2,10.83,Credit Card,False
1168,2023-08-19,39,Electronics,East,1,237.33,Credit Card,True
1599,2023-08-19,12,Electronics,North,3,286.27,Debit Card,False
1788,2023-08-19,3,Electronics,East,4,351.08,Credit Card,False
1138,2023-08-20,16,Electronics,South,1,244.04,Credit Card,True
1768,2023-08-20,34,Clothing,South,3,70.42,Credit Card,False
1977,2023-08-20,49,Home,West,4,57.05,UPI,False
2386,2023-08-20,19,Electronics,South,1,320.92,Cash,False
2404,2023-08-20,22,Sports,East,2,122.56,Cash,False
1325,2023-08-21,4,Electronics,West,2,398.75,Debit Card,False
1354,2023-08-21,48,Books,West,3,38.79,UPI,False
2239,2023-08-21,46,Clothing,West,3,113.11,UPI,False
2327,2023-08-21,6,Home,North,2,60.15,Debit Card,False
2376,2023-08-21,38,Sports,East,1,71.92,Debit Card,False
1203,2023-08-22,36,Electronics,East,2,282.64,Debit Card,False
2235,2023-08-22,41,Home,South,3,234.27,Debit Card,False
1121,2023-08-23,16,Electronics,West,4,477.85,UPI,False
1395,2023-08-23,9,Clothing,West,5,88.98,UPI,False
1407,2023-08-24,39,Clothing,East,5,13.35,Credit Card,False
2204,2023-08-24,31,Home,East,2,43.27,Credit Card,False
2304,2023-08-24,49,Books,North,3,16.95,Debit Card,False
2049,2023-08-26,21,Home,South,3,223.87,Debit Card,False
2188,2023-08-26,4,Home,West,3,59.67,Debit Card,False
1432,2023-08-28,49,Home,South,1,98.51,Cash,False
1446,2023-08-28,23,Electronics,West,4,213.42,UPI,False
1895,2023-08-28,16,Books,East,5,8.94,Credit Card,False
1054,2023-08-29,20,Electronics,East,3,274.57,Credit Card,False
1945,2023-08-30,23,Home,West,2,89.22,Credit Card,False
2314,2023-08-30,37,Home,North,2,112.55,UPI,False
1094,2023-08-31,14,Sports,East,4,95.16,UPI,False
1287,2023-09-01,42,Electronics,North,4,261.46,Credit Card,False
1538,2023-09-01,14,Sports,North,1,31.59,Credit Card,False
1830,2023-09-01,29,Sports,South,5,132.45,Debit Card,False
1869,2023-09-01,19,Home,South,4,134.05,Credit Card,False
2294,2023-09-01,43,Home,West,2,233.41,Credit Card,False
2311,2023-09-01,19,Sports,West,2,148.77,Credit Card,False
1171,2023-09-02,3,Home,East,5,67.1,Debit Card,False
1427,2023-09-04,16,Sports,North,4,66.66,UPI,False
1942,2023-09-05,25,Clothing,South,4,11.85,Cash,False
1976,2023-09-05,30,Home,East,3,109.51,Credit Card,False
1960,2023-09-06,9,Electronics,West,1,297.93,UPI,True
2130,2023-09-07,7,Books,South,2,55.27,Credit Card,False
1791,2023-09-08,18,Home,East,3,62.16,Credit Card,True
2172,2023-09-08,49,Sports,West,1,127.59,Debit Card,False
2447,2023-09-08,33,Clothing,North,3,119.05,UPI,False
2157,2023-09-09,29,Books,West,2,47.57,Cash,False
2036,2023-09-10,7,Clothing,South,1,103.0,UPI,False
2392,2023-09-10,20,Sports,North,4,51.06,Debit Card,False
1068,2023-09-11,24,Electronics,South,1,281.53,Cash,False
2183,2023-09-11,29,Home,North,2,25.91,UPI,False
2207,2023-09-11,32,Clothing,North,5,70.42,UPI,False
2112,2023-09-12,15,Electronics,North,1,96.35,UPI,False
1779,2023-09-14,4,Electronics,West,4,113.67,Debit Card,True
2163,2023-09-14,42,Electronics,West,1,118.1,Credit Card,False
1321,2023-09-19,16,Clothing,South,1,115.82,UPI,False
2485,2023-09-19,32,Sports,South,3,60.09,Debit Card,False
2499,2023-09-20,49,Electronics,South,1,339.77,Credit Card,True
1565,2023-09-21,6,Books,South,3,19.14,Credit Card,False
1798,2023-09-21,45,Electronics,West,2,123.24,Credit Card,False
2372,2023-09-21,25,Home,South,5,146.8,Debit Card,False
1101,2023-09-23,3,Books,South,2,28.4,Credit Card,False
1546,2023-09-23,42,Books,North,5,29.15,UPI,False
1852,2023-09-24,17,Sports,North,3,72.21,Debit Card,False
2160,2023-09-24,23,Home,South,1,109.67,Debit Card,False
1001,2023-09-25,14,Books,East,5,28.32,Cash,False
1430,2023-09-25,17,Home,South,2,179.5,Credit Card,False
1938,2023-09-25,38,Clothing,West,5,92.46,Cash,False
1193,2023-09-26,44,Electronics,North,2,84.94,Debit Card,False
1428,2023-09-26,32,Clothing,North,4,104.24,Debit Card,False
2071,2023-09-27,34,Home,West,2,106.57,Credit Card,False
1132,2023-09-28,48,Electronics,West,4,231.69,Credit Card,False
1709,2023-09-28,24,Home,South,1,20.75,UPI,False
1951,2023-09-28,45,Home,East,3,117.66,Credit Card,False
1844,2023-09-29,20,Home,West,5,215.81,Debit Card,False
1174,2023-09-30,48,Books,South,4,54.63,UPI,False
1376,2023-09-30,21,Electronics,West,3,438.92,UPI,False
2068,2023-09-30,50,Electronics,North,3,340.6,Credit Card,True
1298,2023-10-01,50,Electronics,East,5,351.4,Credit Card,False
1570,2023-10-02,49,Home,North,2,135.01,Credit Card,False
1713,2023-10-02,47,Clothing,East,2,40.17,Credit Card,False
1179,2023-10-05,37,Clothing,North,3,62.8,Cash,False
1434,2023-10-05,20,Clothing,West,4,24.27,UPI,False
2085,2023-10-06,46,Clothing,East,1,79.41,Debit Card,False
1558,2023-10-07,33,Electronics,South,3,200.29,UPI,False
2393,2023-10-07,36,Clothing,South,3,43.65,Credit Card,False
1817,2023-10-08,35,Electronics,North,4,409.23,UPI,False
1959,2023-10-08,34,Clothing,East,1,57.99,Credit Card,False
2268,2023-10-08,12,Home,West,3,195.17,UPI,False
1414,2023-10-09,46,Clothing,East,1,99.86,Cash,True
2185,2023-10-10,18,Electronics,South,4,315.19,Debit Card,True
1866,2023-10-11,22,Sports,West,3,37.13,Credit Card,True
2429,2023-10-11,26,Home,South,4,56.78,Debit Card,False
1609,2023-10-13,16,Electronics,North,1,41.57,UPI,False
1973,2023-10-13,43,Sports,East,5,103.09,UPI,False
1894,2023-10-14,5,Books,South,3,20.73,UPI,False
2152,2023-10-14,20,Sports,South,5,102.81,Credit Card,False
1352,2023-10-15,16,Electronics,West,5,406.99,Credit Card,False
2083,2023-10-15,39,Electronics,North,4,398.03,Credit Card,False
2278,2023-10-15,45,Clothing,North,4,33.52,Debit Card,False
2494,2023-10-16,10,Books,South,4,37.03,Credit Card,False
2120,2023-10-17,36,Home,North,1,160.99,UPI,True
2466,2023-10-17,21,Clothing,North,3,53.57,Credit Card,False
1240,2023-10-18,11,Sports,South,2,34.94,UPI,False
1968,2023-10-18,49,Electronics,East,4,260.29,UPI,False
1757,2023-10-20,43,Clothing,North,1,104.29,Cash,False
2102,2023-10-20,23,Home,North,2,189.33,Credit Card,False
1385,2023-10-22,7,Home,South,4,30.78,Credit Card,False
1742,2023-10-22,1,Electronics,West,3,258.43,Credit Card,False
1487,2023-10-24,16,Clothing,South,1,12.01,UPI,False
1931,2023-10-24,47,Home,South,2,87.52,UPI,False
2140,2023-10-25,49,Home,East,3,39.23,Cash,False
2488,2023-10-25,21,Clothing,North,4,83.24,UPI,False
1762,2023-10-26,11,Electronics,North,3,165.75,Debit Card,False
1173,2023-10-27,31,Home,South,5,89.0,Debit Card,False
2295,2023-10-27,39,Books,South,5,23.21,UPI,False
1707,2023-10-28,19,Home,East,1,195.89,Credit Card,False
1760,2023-10-28,3,Electronics,South,3,487.16,UPI,False
2052,2023-10-28,5,Clothing,South,3,41.73,Credit Card,False
1296,2023-10-29,1,Electronics,West,5,142.5,Credit Card,False
2109,2023-10-30,40,Electronics,South,4,193.23,Debit Card,False
2285,2023-10-30,36,Home,West,1,220.51,UPI,False
2384,2023-10-30,13,Home,North,2,110.18,UPI,False
2435,2023-10-30,36,Books,South,1,15.98,UPI,False
1048,2023-10-31,19,Sports,South,3,66.01,Credit Card,True
1372,2023-10-31,33,Books,North,4,5.78,Credit Card,False
1843,2023-10-31,48,Electronics,South,4,368.97,Credit Card,False
1991,2023-10-31,37,Sports,North,3,133.05,UPI,False
1225,2023-11-01,19,Sports,East,5,14.07,Credit Card,False
1424,2023-11-01,31,Electronics,North,5,433.99,Debit Card,False
1879,2023-11-01,49,Clothing,West,2,76.57,Debit Card,False
2025,2023-11-01,40,Home,West,3,137.04,Credit Card,False
2280,2023-11-01,24,Electronics,South,3,488.76,UPI,False
1075,2023-11-02,39,Sports,South,3,39.03,Cash,False
1264,2023-11-02,41,Home,North,1,132.57,UPI,False
1532,2023-11-02,4,Sports,East,2,54.81,Credit Card,False
1729,2023-11-02,38,Home,South,4,129.97,Credit Card,True
1772,2023-11-02,5,Clothing,South,4,113.25,Debit Card,False
1985,2023-11-03,26,Electronics,South,2,179.46,UPI,False
2174,2023-11-03,11,Electronics,North,2,322.17,Credit Card,False
2478,2023-11-03,15,Home,East,4,231.49,UPI,False
1577,2023-11-06,11,Clothing,North,3,30.54,UPI,False
1859,2023-11-06,2,Electronics,North,5,100.33,Credit Card,False
1300,2023-11-07,15,Electronics,North,3,219.53,Credit Card,False
2133,2023-11-07,16,Home,East,2,88.02,UPI,False
2237,2023-11-08,39,Home,East,5,199.22,Credit Card,False
1754,2023-11-09,24,Home,West,5,168.15,UPI,False
2487,2023-11-09,39,Electronics,West,1,353.63,Credit Card,False
1347,2023-11-10,23,Electronics,South,4,76.39,Credit Card,False
1595,2023-11-11,36,Home,North,4,40.76,Credit Card,True
1794,2023-11-11,31,Electronics,East,4,38.7,UPI,False
1953,2023-11-11,50,Home,North,1,25.83,Debit Card,False
2296,2023-11-11,32,Electronics,South,5,420.77,Credit Card,False
1038,2023-11-12,5,Books,South,2,51.72,Credit Card,False
1273,2023-11-12,35,Books,East,3,53.79,UPI,False
1207,2023-11-13,15,Electronics,South,4,160.66,Credit Card,False
1235,2023-11-13,8,Electronics,North,4,279.27,UPI,False
1421,2023-11-13,39,Home,West,1,249.59,UPI,False
1433,2023-11-13,26,Clothing,East,1,77.71,Debit Card,False
1900,2023-11-13,20,Clothing,South,5,22.19,Debit Card,False
2244,2023-11-13,10,Electronics,South,3,194.89,UPI,False
1154,2023-11-14,9,Sports,West,5,43.74,UPI,False
1839,2023-11-15,27,Clothing,East,5,104.22,UPI,False
1556,2023-11-16,35,Books,West,5,37.75,UPI,True
1098,2023-11-17,10,Sports,West,5,22.76,Debit Card,False
2218,2023-11-17,48,Home,North,3,99.01,Debit Card,False
2020,2023-11-18,9,Books,North,2,39.94,UPI,False
1085,2023-11-19,37,Electronics,South,3,258.6,UPI,False
1600,2023-11-19,45,Home,East,4,19.76,UPI,False
1735,2023-11-20,23,Clothing,East,2,83.92,Credit Card,False
2093,2023-11-20,37,Books,East,2,37.74,UPI,False
1489,2023-11-21,24,Sports,North,4,81.58,Debit Card,False
2063,2023-11-21,19,Clothing,South,4,52.61,Debit Card,False
1669,2023-11-22,9,Sports,South,4,116.85,UPI,False
1723,2023-11-22,6,Clothing,South,3,27.9,Credit Card,False
1019,2023-11-23,21,Books,North,1,39.11,UPI,False
1067,2023-11-23,26,Sports,West,4,82.62,Credit Card,False
2443,2023-11-23,23,Sports,North,3,130.77,UPI,False
1683,2023-11-24,46,Clothing,East,4,81.94,Credit Card,False
1892,2023-11-24,19,Clothing,East,3,34.82,Credit Card,False
1984,2023-11-24,41,Electronics,North,2,375.27,Debit Card,False
2119,2023-11-24,7,Electronics,East,3,34.95,Cash,False
2273,2023-11-24,30,Electronics,East,2,227.19,Credit Card,False
1014,2023-11-25,37,Clothing,East,2,47.81,Cash,False
1857,2023-11-25,40,Home,South,2,35.32,Debit Card,False
2131,2023-11-25,47,Electronics,West,2,457.12,UPI,False
2173,2023-11-25,41,Books,West,3,53.35,Credit Card,False
1633,2023-11-27,14,Electronics,South,3,399.4,UPI,False
2168,2023-11-27,8,Home,West,3,129.38,UPI,False
1306,2023-11-28,7,Clothing,North,2,10.7,Credit Card,False
1592,2023-11-28,17,Home,South,5,88.95,Debit Card,False
2366,2023-11-28,28,Home,South,5,120.45,UPI,False
1022,2023-11-29,38,Home,North,2,62.87,Cash,False
1337,2023-11-29,30,Clothing,West,2,21.45,Credit Card,False
2258,2023-11-29,25,Clothing,East,4,41.69,Credit Card,False
1005,2023-11-30,46,Electronics,East,1,309.85,Cash,False
1671,2023-11-30,3,Home,East,1,34.92,Cash,True
1598,2023-12-01,25,Home,South,4,130.0,UPI,False
1716,2023-12-01,25,Clothing,North,5,82.66,UPI,False
2355,2023-12-01,40,Home,North,4,54.98,Debit Card,False
1135,2023-12-02,21,Books,West,1,25.46,UPI,False
1705,2023-12-02,20,Clothing,South,4,37.54,Credit Card,False
1447,2023-12-03,9,Clothing,East,1,58.93,Debit Card,False
2013,2023-12-03,48,Clothing,South,3,39.86,Debit Card,False
2320,2023-12-03,38,Sports,North,1,56.45,UPI,False
1285,2023-12-04,32,Clothing,West,4,66.02,Credit Card,False
1412,2023-12-04,34,Clothing,North,1,107.64,Cash,False
1739,2023-12-04,43,Home,West,4,166.28,Credit Card,False
1031,2023-12-05,39,Clothing,West,3,88.92,Credit Card,False
2048,2023-12-06,41,Sports,West,5,80.89,Credit Card,False
1077,2023-12-07,17,Sports,East,1,85.13,Cash,False
1510,2023-12-07,7,Electronics,East,3,376.01,Credit Card,False
1875,2023-12-07,39,Clothing,North,4,17.72,Debit Card,False
1274,2023-12-08,18,Books,West,5,26.19,UPI,False
2299,2023-12-08,22,Home,West,3,225.16,Cash,False
1167,2023-12-09,6,Books,South,5,18.78,Credit Card,False
1902,2023-12-09,11,Home,North,5,139.5,Credit Card,False
2497,2023-12-09,12,Electronics,North,3,367.24,Credit Card,False
2231,2023-12-10,9,Electronics,North,5,103.74,UPI,False
1090,2023-12-12,38,Clothing,North,5,20.25,Credit Card,False
1744,2023-12-13,11,Clothing,South,3,32.3,UPI,False
1774,2023-12-13,11,Electronics,East,4,451.81,Credit Card,False
1319,2023-12-14,36,Home,East,1,141.07,UPI,False
1509,2023-12-14,12,Clothing,South,2,63.48,Debit Card,False
2220,2023-12-14,19,Books,East,4,32.67,UPI,False
2341,2023-12-14,20,Books,East,4,38.46,Debit Card,False
1422,2023-12-15,48,Electronics,South,5,249.69,UPI,False
1773,2023-12-15,21,Clothing,West,2,80.25,UPI,False
2002,2023-12-15,40,Home,South,2,186.87,Cash,False
1568,2023-12-16,37,Clothing,East,3,11.54,UPI,False
1585,2023-12-16,35,Home,North,2,150.32,Credit Card,True
1901,2023-12-17,44,Electronics,North,3,114.4,UPI,False
2308,2023-12-17,22,Electronics,North,4,302.97,Cash,False
1444,2023-12-18,31,Books,West,3,37.44,Credit Card,False
1076,2023-12-19,7,Books,East,1,35.8,UPI,False
1946,2023-12-19,1,Clothing,East,2,29.96,UPI,False
2317,2023-12-19,27,Electronics,West,1,195.86,UPI,False
1082,2023-12-22,17,Sports,East,2,92.06,Debit Card,False
1831,2023-12-22,46,Sports,East,5,142.18,Credit Card,False
1244,2023-12-23,2,Books,West,5,15.26,Credit Card,False
1529,2023-12-23,15,Electronics,East,1,450.22,UPI,False
1451,2023-12-24,17,Books,North,2,30.95,Debit Card,False
1916,2023-12-24,34,Sports,West,5,48.15,UPI,True
2044,2023-12-24,48,Books,West,2,19.78,Credit Card,False
2292,2023-12-24,32,Books,West,4,35.96,UPI,False
1084,2023-12-25,48,Clothing,South,1,13.96,Debit Card,False
2277,2023-12-25,25,Electronics,North,5,230.95,UPI,False
1035,2023-12-26,44,Books,South,4,58.59,Credit Card,False
1363,2023-12-26,8,Home,South,3,120.6,Cash,False
1518,2023-12-26,50,Electronics,South,4,302.61,UPI,False
1052,2023-12-27,45,Electronics,East,1,408.94,Credit Card,False
1818,2023-12-27,27,Home,South,4,94.98,Debit Card,False
1920,2023-12-27,48,Electronics,West,3,360.52,Credit Card,False
2349,2023-12-27,9,Books,West,3,46.43,UPI,False
1003,2023-12-28,35,Home,South,2,101.18,UPI,False
2153,2023-12-28,6,Sports,South,2,117.36,Debit Card,False
2319,2023-12-28,30,Electronics,East,2,79.59,Credit Card,False
2156,2023-12-29,4,Sports,West,3,71.54,Credit Card,False
1205,2023-12-31,17,Home,West,5,209.63,UPI,False
1253,2023-12-31,4,Home,East,5,146.53,UPI,False
1962,2023-12-31,39,Home,North,4,175.03,UPI,False
1206,2024-01-01,13,Home,North,5,214.67,UPI,False
1853,2024-01-02,11,Home,East,4,95.44,Debit Card,False
1467,2024-01-03,16,Home,South,1,234.67,Credit Card,False
1808,2024-01-03,31,Clothing,West,4,21.81,Credit Card,False
1891,2024-01-03,4,Books,South,4,16.52,UPI,False
2179,2024-01-03,44,Electronics,South,2,304.16,Debit Card,False
1356,2024-01-04,19,Books,East,3,46.31,Debit Card,False
1429,2024-01-04,4,Home,East,3,82.94,UPI,False
1676,2024-01-04,50,Electronics,South,2,287.79,UPI,False
1952,2024-01-04,44,Clothing,West,2,32.96,Debit Card,False
1220,2024-01-05,27,Home,East,1,57.54,UPI,False
2017,2024-01-06,22,Electronics,West,4,160.82,Debit Card,True
2041,2024-01-06,10,Sports,West,3,41.5,Credit Card,False
2290,2024-01-06,22,Electronics,South,1,424.53,Debit Card,False
2418,2024-01-06,33,Electronics,North,5,437.53,Debit Card,False
1245,2024-01-07,20,Electronics,West,1,125.25,Debit Card,False
1697,2024-01-07,48,Sports,East,2,147.2,Debit Card,False
1740,2024-01-07,4,Electronics,North,5,444.1,UPI,False
1851,2024-01-07,33,Home,North,5,244.71,Debit Card,False
1800,2024-01-10,47,Home,East,5,123.97,UPI,False
2242,2024-01-10,47,Clothing,West,4,93.48,UPI,False
1144,2024-01-11,43,Books,West,4,22.8,Credit Card,False
1408,2024-01-11,7,Electronics,East,5,243.28,Debit Card,False
2096,2024-01-11,46,Electronics,South,2,404.32,Credit Card,False
2480,2024-01-11,9,Electronics,South,2,185.03,UPI,False
1349,2024-01-12,38,Electronics,South,3,104.0,UPI,False
1603,2024-01-12,29,Books,East,3,40.94,Debit Card,False
2007,2024-01-12,36,Home,East,5,123.82,Credit Card,False
2260,2024-01-12,24,Clothing,East,4,102.03,Credit Card,False
2383,2024-01-12,14,Electronics,North,4,214.85,UPI,False
1517,2024-01-13,23,Electronics,East,3,248.16,UPI,False
1965,2024-01-13,11,Home,East,4,115.59,UPI,False
1166,2024-01-14,21,Electronics,West,3,283.17,Cash,False
1501,2024-01-15,19,Sports,West,5,35.61,Cash,True
1810,2024-01-15,7,Books,North,4,13.56,Cash,False
1815,2024-01-15,6,Clothing,South,3,73.72,UPI,False
2486,2024-01-15,48,Clothing,North,4,95.32,Credit Card,False
1096,2024-01-16,11,Home,West,4,222.2,Credit Card,False
1249,2024-01-16,1,Clothing,North,1,85.54,Debit Card,False
1479,2024-01-17,32,Clothing,West,5,102.41,Debit Card,False
1512,2024-01-17,39,Home,South,2,142.33,Credit Card,False
1693,2024-01-17,31,Home,North,1,247.57,UPI,False
1378,2024-01-18,23,Books,North,1,14.71,Credit Card,False
2111,2024-01-18,26,Books,East,5,13.73,Credit Card,False
1874,2024-01-19,20,Home,East,2,158.92,Credit Card,False
1995,2024-01-19,47,Clothing,North,4,53.43,Credit Card,False
2465,2024-01-19,7,Clothing,West,4,47.95,Debit Card,False
1797,2024-01-20,41,Electronics,North,2,460.83,UPI,False
1795,2024-01-22,21,Home,West,4,79.14,UPI,False
2192,2024-01-22,29,Electronics,East,3,92.36,Credit Card,False
2301,2024-01-22,39,Clothing,East,5,82.43,UPI,False
1288,2024-01-23,11,Electronics,West,2,430.87,UPI,False
1307,2024-01-23,22,Clothing,West,5,109.85,Cash,False
1947,2024-01-23,29,Books,West,5,15.31,UPI,False
1964,2024-01-23,25,Home,East,4,236.04,Credit Card,False
2099,2024-01-23,36,Clothing,West,3,82.12,UPI,False
1456,2024-01-24,25,Clothing,South,5,23.82,UPI,False
1547,2024-01-24,29,Electronics,East,1,106.56,Credit Card,False
2469,2024-01-24,42,Sports,West,2,66.96,Credit Card,False
1151,2024-01-25,5,Home,South,2,183.28,Credit Card,False
2135,2024-01-25,20,Electronics,West,2,167.46,Cash,False
2141,2024-01-25,22,Electronics,South,5,23.3,Credit Card,False
2353,2024-01-25,38,Electronics,North,3,101.71,Cash,False
1448,2024-01-26,47,Home,South,5,153.48,Cash,False
1361,2024-01-27,45,Home,East,4,179.33,UPI,False
1406,2024-01-27,14,Books,West,2,8.89,UPI,True
2436,2024-01-27,1,Sports,East,2,25.72,Debit Card,False
1731,2024-01-28,7,Home,East,1,174.31,Credit Card,False
1940,2024-01-29,43,Home,West,2,175.87,UPI,False
1339,2024-01-30,50,Electronics,North,2,53.41,UPI,False
1677,2024-01-30,43,Home,North,3,185.19,Credit Card,False
2059,2024-01-30,18,Electronics,South,1,347.59,UPI,False
2180,2024-01-30,49,Electronics,West,2,32.26,Credit Card,False
1089,2024-01-31,24,Home,South,2,131.96,Cash,False
1727,2024-01-31,8,Electronics,North,2,414.26,UPI,False
1105,2024-02-01,7,Clothing,East,2,17.58,Cash,False
1717,2024-02-01,31,Electronics,East,1,382.41,Debit Card,True
1095,2024-02-02,24,Home,East,1,56.79,Cash,False
1589,2024-02-02,47,Electronics,North,2,162.27,UPI,False
1607,2024-02-02,17,Sports,South,3,30.86,Debit Card,False
1029,2024-02-04,23,Electronics,South,1,29.59,Credit Card,False
1131,2024-02-04,18,Books,South,1,9.8,Credit Card,False
1783,2024-02-04,10,Electronics,East,5,176.46,UPI,False
1679,2024-02-05,50,Books,North,3,17.89,Cash,False
1792,2024-02-05,14,Sports,South,5,10.13,Credit Card,False
2377,2024-02-05,6,Home,West,5,47.34,Credit Card,False
2123,2024-02-06,7,Clothing,South,5,44.87,Cash,False
2297,2024-02-07,16,Books,North,4,54.27,Credit Card,False
1455,2024-02-08,36,Clothing,East,1,11.34,Debit Card,False
1562,2024-02-08,50,Electronics,East,2,45.1,Credit Card,False
2022,2024-02-08,34,Books,North,4,18.45,Credit Card,True
2425,2024-02-08,23,Clothing,South,5,52.01,Debit Card,False
1108,2024-02-09,25,Clothing,West,1,114.16,UPI,False
2464,2024-02-09,16,Books,South,4,40.1,Credit Card,False
1130,2024-02-10,50,Clothing,North,4,81.7,Cash,False
1256,2024-02-10,21,Books,South,1,10.25,Debit Card,True
1555,2024-02-10,15,Home,East,4,125.06,Debit Card,False
1884,2024-02-10,33,Clothing,West,3,36.03,Credit Card,False
2058,2024-02-10,32,Home,North,4,43.6,Credit Card,False
2165,2024-02-10,5,Electronics,North,5,114.54,Credit Card,True
1929,2024-02-11,31,Sports,East,2,48.59,UPI,False
2365,2024-02-11,36,Electronics,South,2,214.28,UPI,False
1803,2024-02-12,38,Sports,South,5,27.67,Debit Card,False
2187,2024-02-14,47,Home,South,4,225.5,Credit Card,False
2212,2024-02-14,5,Books,South,1,13.87,Debit Card,False
2234,2024-02-15,22,Sports,East,4,17.22,Credit Card,False
1506,2024-02-17,40,Sports,South,1,106.82,UPI,False
1829,2024-02-17,5,Home,West,3,33.22,Debit Card,False
1780,2024-02-18,7,Home,East,3,77.28,Credit Card,False
1989,2024-02-18,32,Clothing,South,2,23.53,Credit Card,False
2472,2024-02-18,47,Books,North,3,39.88,Cash,False
1237,2024-02-19,19,Electronics,East,5,278.85,Debit Card,False
2344,2024-02-20,27,Electronics,West,5,343.97,UPI,False
1370,2024-02-21,21,Home,East,1,175.86,Credit Card,False
1088,2024-02-22,5,Home,East,1,167.54,Credit Card,False
1508,2024-02-22,42,Books,West,2,22.26,Debit Card,False
1722,2024-02-22,38,Electronics,East,3,440.65,Credit Card,False
1778,2024-02-22,9,Home,West,2,92.77,Credit Card,False
2255,2024-02-22,14,Sports,North,4,125.57,UPI,False
2431,2024-02-23,18,Sports,South,2,144.06,Debit Card,False
2144,2024-02-24,25,Sports,East,4,59.75,Credit Card,False
1335,2024-02-26,50,Sports,North,5,138.63,Debit Card,False
1730,2024-02-26,14,Clothing,North,4,18.29,UPI,False
2427,2024-02-26,42,Electronics,North,2,297.12,Debit Card,False
1028,2024-02-27,29,Electronics,South,4,477.41,UPI,False
1397,2024-02-27,47,Clothing,West,5,103.99,Credit Card,False
1477,2024-02-28,6,Books,East,5,8.23,UPI,False
1066,2024-02-29,47,Books,North,1,21.77,Debit Card,False
1224,2024-02-29,22,Home,East,4,56.08,UPI,False
1961,2024-03-01,22,Home,North,1,136.61,Credit Card,False
1042,2024-03-02,38,Electronics,South,1,338.39,Debit Card,False
2428,2024-03-02,46,Books,West,1,44.58,Debit Card,False
2215,2024-03-03,21,Electronics,West,2,462.52,Debit Card,False
1060,2024-03-04,30,Electronics,South,5,413.54,UPI,False
1785,2024-03-04,18,Electronics,East,5,331.29,Credit Card,False
1918,2024-03-04,3,Electronics,West,4,293.43,UPI,False
1956,2024-03-04,29,Home,West,2,186.48,Credit Card,False
1586,2024-03-05,42,Electronics,North,5,292.33,Debit Card,False
1766,2024-03-05,10,Home,South,5,82.39,UPI,False
2223,2024-03-05,7,Electronics,West,1,237.32,UPI,False
1498,2024-03-06,44,Clothing,South,4,106.49,Credit Card,False
1781,2024-03-06,33,Sports,South,2,48.21,Credit Card,False
2118,2024-03-06,44,Books,South,5,22.5,UPI,False
2346,2024-03-06,45,Clothing,West,4,117.16,Credit Card,False
1070,2024-03-07,10,Books,North,4,28.68,Debit Card,False
1348,2024-03-07,27,Books,South,4,53.65,Cash,False
2196,2024-03-07,27,Home,East,1,249.74,UPI,False
1715,2024-03-08,19,Clothing,East,1,27.64,Credit Card,False
1320,2024-03-09,24,Books,West,1,30.28,UPI,True
1488,2024-03-09,13,Clothing,South,1,12.74,Debit Card,False
2408,2024-03-09,19,Electronics,West,1,222.99,UPI,False
2150,2024-03-10,19,Electronics,South,4,315.31,Debit Card,False
2444,2024-03-10,29,Clothing,South,4,83.5,Debit Card,True
2454,2024-03-10,40,Sports,West,2,56.96,Debit Card,False
1255,2024-03-11,49,Sports,South,3,137.04,Debit Card,False
1268,2024-03-11,24,Electronics,East,1,435.29,UPI,False
1331,2024-03-12,28,Home,North,1,185.55,UPI,False
1465,2024-03-12,48,Clothing,South,4,10.34,Debit Card,False
1988,2024-03-12,29,Electronics,East,1,25.16,Credit Card,False
2305,2024-03-12,36,Clothing,North,4,16.9,Debit Card,False
1194,2024-03-13,36,Home,South,3,232.29,Debit Card,False
1520,2024-03-13,10,Electronics,North,4,227.34,Credit Card,False
1848,2024-03-14,30,Clothing,West,2,62.63,Credit Card,False
2380,2024-03-14,23,Books,North,4,17.97,Debit Card,False
1767,2024-03-15,16,Electronics,East,5,85.29,Debit Card,False
1294,2024-03-16,32,Electronics,North,2,203.84,Debit Card,False
2325,2024-03-16,19,Electronics,North,3,103.71,UPI,False
2368,2024-03-16,36,Clothing,West,2,14.17,UPI,False
1425,2024-03-17,38,Clothing,West,3,33.28,Credit Card,False
1290,2024-03-18,47,Clothing,East,1,97.53,Debit Card,False
1650,2024-03-18,26,Clothing,North,1,94.76,UPI,True
1981,2024-03-19,6,Electronics,North,3,304.93,Debit Card,False
2105,2024-03-21,9,Sports,North,5,41.89,UPI,False
2462,2024-03-21,45,Clothing,South,3,37.6,Credit Card,False
1696,2024-03-22,33,Electronics,South,4,151.94,Debit Card,False
1756,2024-03-22,24,Sports,South,5,55.06,Cash,False
1069,2024-03-23,4,Electronics,East,2,337.02,Credit Card,False
1567,2024-03-23,35,Books,West,4,34.41,UPI,False
1123,2024-03-24,16,Sports,North,1,83.06,Cash,False
1472,2024-03-24,38,Clothing,South,2,70.59,UPI,True
1753,2024-03-24,5,Electronics,West,5,493.56,UPI,False
1935,2024-03-24,5,Books,East,1,58.18,UPI,False
1401,2024-03-25,46,Sports,South,1,57.64,Credit Card,False
1502,2024-03-25,1,Electronics,East,1,52.81,UPI,False
1700,2024-03-25,37,Sports,North,5,49.73,Debit Card,True
1787,2024-03-26,13,Books,East,3,23.72,Cash,False
2354,2024-03-27,18,Books,West,4,30.25,Credit Card,False
2000,2024-03-28,6,Books,West,3,47.65,UPI,False
2197,2024-03-28,34,Home,South,3,68.97,Credit Card,False
2340,2024-03-28,10,Electronics,West,4,294.79,Debit Card,False
2461,2024-03-28,6,Home,West,4,114.97,Credit Card,False
1143,2024-03-29,41,Electronics,North,4,58.73,Credit Card,False
1475,2024-03-29,12,Clothing,North,3,32.17,Debit Card,False
2090,2024-03-29,42,Home,South,1,59.15,Debit Card,False
2438,2024-03-29,24,Electronics,East,4,286.32,UPI,False
1625,2024-03-31,38,Books,West,3,32.26,Cash,False
2011,2024-03-31,4,Books,East,4,32.8,Credit Card,False
1796,2024-04-01,11,Books,West,4,59.71,UPI,False
1040,2024-04-02,11,Sports,North,2,45.67,Cash,False
1045,2024-04-03,11,Electronics,South,5,463.82,Debit Card,False
1399,2024-04-03,38,Sports,East,1,37.41,Cash,False
1680,2024-04-04,33,Home,West,3,144.43,Credit Card,False
1971,2024-04-04,40,Electronics,South,5,362.99,Credit Card,False
1972,2024-04-05,43,Home,North,5,79.54,Debit Card,False
1911,2024-04-06,49,Clothing,North,1,65.18,UPI,False
1258,2024-04-07,27,Clothing,South,4,90.07,Debit Card,False
1458,2024-04-07,32,Clothing,East,3,47.87,UPI,False
1996,2024-04-07,19,Books,East,5,21.58,UPI,False
1141,2024-04-08,22,Electronics,North,2,490.22,Credit Card,False
1275,2024-04-08,28,Books,West,2,59.81,Credit Card,False
1543,2024-04-08,23,Sports,North,3,82.65,Debit Card,False
1758,2024-04-08,47,Home,North,5,66.18,Credit Card,False
2170,2024-04-08,11,Books,West,1,29.06,Credit Card,False
2217,2024-04-08,32,Clothing,East,5,78.59,Debit Card,False
2267,2024-04-08,13,Clothing,West,4,76.16,Debit Card,False
1473,2024-04-09,50,Electronics,South,2,316.9,UPI,False
1720,2024-04-09,21,Books,South,4,36.67,Credit Card,False
2385,2024-04-09,17,Electronics,East,1,361.99,Credit Card,False
1582,2024-04-10,18,Books,South,1,54.61,Credit Card,False
1928,2024-04-10,1,Books,West,1,9.51,UPI,False
2035,2024-04-10,23,Home,West,2,217.06,Credit Card,True
2137,2024-04-10,49,Electronics,North,5,323.89,Credit Card,False
1416,2024-04-11,11,Home,East,1,135.28,Debit Card,True
1868,2024-04-12,32,Home,South,1,153.74,UPI,False
1369,2024-04-14,17,Clothing,North,1,117.35,Credit Card,False
1400,2024-04-14,13,Home,East,1,203.05,Cash,False
1734,2024-04-18,16,Electronics,North,4,491.01,Credit Card,False
1784,2024-04-18,17,Electronics,East,1,150.21,Credit Card,False
1930,2024-04-18,2,Home,West,5,169.04,Credit Card,False
1044,2024-04-19,2,Electronics,East,2,271.12,Debit Card,False
1624,2024-04-19,33,Electronics,South,1,39.44,Cash,False
2021,2024-04-19,32,Books,East,2,28.84,UPI,True
2055,2024-04-19,50,Clothing,North,2,88.12,Credit Card,False
1302,2024-04-20,4,Electronics,North,5,278.16,Debit Card,False
1571,2024-04-20,17,Clothing,North,3,43.55,Debit Card,False
1889,2024-04-20,49,Electronics,East,1,82.98,UPI,False
2005,2024-04-20,4,Electronics,South,1,61.64,Credit Card,False
1452,2024-04-21,17,Electronics,East,5,362.65,UPI,False
1786,2024-04-21,19,Sports,North,5,17.42,Credit Card,True
2238,2024-04-21,37,Electronics,West,5,219.83,Cash,False
2024,2024-04-22,19,Books,South,2,37.15,UPI,False
2198,2024-04-22,32,Clothing,South,1,101.37,Debit Card,False
1642,2024-04-24,20,Electronics,North,5,428.21,UPI,False
2077,2024-04-24,27,Clothing,West,2,33.77,Credit Card,False
2493,2024-04-24,34,Books,West,2,52.78,UPI,False
1530,2024-04-25,50,Electronics,North,2,32.58,Credit Card,False
1116,2024-04-26,6,Sports,East,1,22.65,UPI,False
2397,2024-04-26,9,Home,South,4,134.71,UPI,False
1055,2024-04-27,32,Books,North,2,25.59,Debit Card,False
1172,2024-04-28,11,Sports,West,1,37.07,Credit Card,False
1246,2024-04-28,6,Home,South,4,90.95,UPI,False
1037,2024-04-29,26,Clothing,East,5,118.56,Credit Card,False
1279,2024-04-29,3,Home,North,4,202.63,Credit Card,False
2448,2024-04-29,42,Home,East,1,71.73,Credit Card,False
1619,2024-04-30,43,Books,West,4,59.55,UPI,False
1622,2024-04-30,2,Clothing,South,4,40.65,Credit Card,False
1111,2024-05-01,13,Sports,West,3,54.18,UPI,False
1849,2024-05-02,24,Home,North,4,138.35,Debit Card,False
1659,2024-05-03,32,Electronics,East,3,383.03,UPI,False
1083,2024-05-04,2,Sports,North,3,81.42,UPI,False
1441,2024-05-04,36,Clothing,South,2,19.28,UPI,False
1536,2024-05-04,40,Home,East,4,230.09,Credit Card,False
1932,2024-05-04,35,Home,South,5,249.45,Credit Card,False
2413,2024-05-04,3,Sports,East,3,31.68,Cash,False
1112,2024-05-05,33,Clothing,West,2,24.27,Credit Card,False
2106,2024-05-05,49,Clothing,West,2,36.04,UPI,False
2227,2024-05-05,31,Clothing,South,3,63.68,Debit Card,True
1871,2024-05-07,41,Clothing,North,2,59.15,Debit Card,False
2074,2024-05-07,36,Clothing,North,5,106.78,UPI,False
2129,2024-05-07,32,Clothing,West,2,99.31,Credit Card,False
2224,2024-05-07,28,Books,South,4,32.82,UPI,False
1057,2024-05-09,18,Electronics,South,4,410.19,Debit Card,False
1216,2024-05-09,26,Home,West,1,200.45,Credit Card,False
2098,2024-05-09,29,Electronics,South,2,395.88,Debit Card,False
2468,2024-05-09,14,Electronics,North,3,460.61,Credit Card,False
1511,2024-05-10,35,Home,East,2,72.05,UPI,False
2127,2024-05-10,19,Sports,East,2,75.11,UPI,False
1350,2024-05-11,33,Books,North,4,10.63,Credit Card,False
1627,2024-05-11,18,Sports,South,3,85.08,UPI,False
2310,2024-05-13,41,Home,North,3,85.92,Debit Card,False
2496,2024-05-13,9,Electronics,South,4,53.32,Credit Card,False
1613,2024-05-14,26,Books,North,3,22.99,Debit Card,True
1415,2024-05-15,38,Clothing,West,2,85.45,Debit Card,False
1436,2024-05-15,35,Sports,South,1,31.88,UPI,False
1588,2024-05-15,42,Home,South,1,70.53,Debit Card,False
1862,2024-05-16,18,Home,East,1,72.79,UPI,False
2347,2024-05-16,37,Clothing,South,4,58.74,Credit Card,False
1387,2024-05-18,37,Electronics,West,3,204.47,UPI,False
1949,2024-05-18,47,Clothing,West,2,102.69,Credit Card,False
1741,2024-05-19,19,Electronics,South,5,133.02,Credit Card,False
1983,2024-05-19,20,Electronics,South,1,347.5,Debit Card,False
2414,2024-05-20,47,Home,East,4,223.13,UPI,False
1222,2024-05-21,27,Clothing,West,2,81.18,Credit Card,False
1466,2024-05-22,47,Books,East,1,39.08,UPI,False
1666,2024-05-24,5,Electronics,West,5,164.15,Credit Card,False
1675,2024-05-24,35,Books,West,3,45.33,UPI,False
2272,2024-05-24,3,Clothing,East,5,43.75,Credit Card,False
1004,2024-05-25,10,Sports,West,1,64.73,UPI,False
1732,2024-05-25,27,Clothing,North,4,96.97,Credit Card,False
2103,2024-05-25,50,Clothing,South,5,36.17,Debit Card,False
2148,2024-05-26,20,Electronics,South,2,246.15,Debit Card,False
1782,2024-05-27,44,Electronics,North,3,234.66,UPI,False
2395,2024-05-27,46,Home,North,3,123.28,Credit Card,False
1023,2024-05-28,33,Sports,East,4,25.61,Credit Card,False
1994,2024-05-28,22,Electronics,West,5,225.96,Debit Card,False
1864,2024-05-29,21,Home,North,1,226.78,Debit Card,False
1841,2024-05-30,15,Books,West,3,30.94,UPI,True
2339,2024-05-30,15,Electronics,West,2,449.56,Debit Card,False
2400,2024-05-31,14,Electronics,South,2,414.5,UPI,True
1341,2024-06-01,15,Electronics,South,5,58.77,Debit Card,False
1706,2024-06-01,42,Clothing,North,1,92.07,Credit Card,False
1845,2024-06-01,41,Clothing,East,5,53.99,Credit Card,False
1692,2024-06-02,10,Sports,South,2,14.15,Credit Card,False
2117,2024-06-02,34,Home,West,4,102.06,Credit Card,False
1877,2024-06-03,14,Electronics,South,5,406.05,Debit Card,False
2322,2024-06-03,7,Electronics,South,5,320.33,Credit Card,False
1997,2024-06-04,7,Electronics,West,2,86.19,Cash,False
2076,2024-06-04,16,Home,East,2,95.22,Credit Card,False
1230,2024-06-06,48,Clothing,East,1,59.58,UPI,False
1012,2024-06-07,24,Sports,West,4,13.95,Credit Card,False
1574,2024-06-07,24,Electronics,South,3,129.65,Credit Card,False
2132,2024-06-07,40,Clothing,South,3,34.63,Debit Card,False
2475,2024-06-07,50,Books,East,5,12.99,Debit Card,False
1036,2024-06-09,40,Clothing,West,4,14.33,UPI,False
1195,2024-06-09,7,Books,East,3,31.43,Debit Card,False
1025,2024-06-10,27,Clothing,South,2,119.89,UPI,False
1497,2024-06-10,15,Electronics,East,5,387.7,Cash,False
1527,2024-06-10,44,Clothing,West,5,89.6,UPI,False
2008,2024-06-10,16,Electronics,East,2,322.51,Cash,False
2441,2024-06-10,25,Clothing,East,4,46.53,Debit Card,False
1593,2024-06-11,12,Sports,East,5,132.91,Credit Card,False
1919,2024-06-11,33,Home,West,3,65.37,Credit Card,False
1261,2024-06-12,42,Home,North,1,90.58,Credit Card,False
1481,2024-06-12,35,Clothing,North,1,21.19,UPI,False
1476,2024-06-13,39,Home,South,5,144.48,Credit Card,False
1937,2024-06-13,17,Sports,North,3,54.65,Debit Card,False
2398,2024-06-13,16,Electronics,West,3,116.7,Debit Card,False
2470,2024-06-13,31,Clothing,North,2,46.1,Cash,False
1118,2024-06-14,13,Home,West,5,52.17,Credit Card,False
1513,2024-06-15,31,Electronics,West,3,336.54,UPI,False
1531,2024-06-16,32,Electronics,West,4,270.56,Credit Card,False
1560,2024-06-16,50,Electronics,West,5,98.45,Credit Card,False
1117,2024-06-17,12,Clothing,West,4,64.78,UPI,False
1537,2024-06-17,13,Clothing,West,2,43.36,Credit Card,False
1833,2024-06-17,47,Home,North,5,193.62,UPI,False
2018,2024-06-18,35,Books,South,1,18.08,Credit Card,False
1809,2024-06-19,21,Clothing,South,5,73.17,Credit Card,False
2032,2024-06-19,27,Clothing,South,4,75.65,UPI,True
2373,2024-06-19,13,Electronics,East,1,67.41,Debit Card,False
1462,2024-06-20,13,Electronics,East,5,403.06,Credit Card,False
1686,2024-06-20,44,Electronics,North,1,63.23,UPI,False
2149,2024-06-20,14,Clothing,East,5,48.85,Debit Card,False
1015,2024-06-21,33,Sports,West,4,142.9,UPI,False
1177,2024-06-21,12,Sports,South,1,101.27,Credit Card,False
1357,2024-06-21,37,Home,West,1,59.66,Cash,False
1431,2024-06-21,36,Electronics,South,3,23.53,Cash,False
1802,2024-06-21,5,Sports,East,3,122.37,UPI,False
2391,2024-06-21,18,Sports,North,1,29.42,Debit Card,True
1271,2024-06-22,42,Clothing,East,1,114.61,Debit Card,False
1539,2024-06-22,24,Sports,West,2,110.82,UPI,True
1557,2024-06-22,40,Electronics,South,3,461.23,UPI,False
1605,2024-06-22,46,Clothing,West,3,68.08,Debit Card,False
1232,2024-06-23,25,Books,East,4,20.08,Debit Card,False
1403,2024-06-23,9,Books,South,3,15.27,UPI,False
2082,2024-06-23,47,Books,West,2,39.64,Debit Card,False
2249,2024-06-23,27,Sports,North,4,125.91,Credit Card,False
2402,2024-06-23,7,Home,North,1,29.6,Credit Card,False
2081,2024-06-24,16,Sports,South,4,116.08,Debit Card,False
2194,2024-06-25,46,Books,North,2,26.89,Debit Card,False
1836,2024-06-26,49,Books,West,1,24.13,UPI,False
1939,2024-06-26,8,Electronics,East,2,85.68,Credit Card,False
1678,2024-06-27,7,Electronics,North,1,347.07,Credit Card,False
2313,2024-06-27,3,Home,West,3,44.53,Credit Card,False
1312,2024-06-28,20,Electronics,South,5,154.51,Credit Card,False
1178,2024-06-29,45,Clothing,West,1,82.92,Credit Card,False
1191,2024-06-29,10,Sports,West,4,71.93,Cash,False
1160,2024-06-30,37,Books,East,3,38.67,Debit Card,False
1263,2024-06-30,8,Books,West,2,47.39,Credit Card,False
1695,2024-07-01,24,Clothing,South,4,49.11,Debit Card,False
2034,2024-07-01,11,Home,North,2,94.97,UPI,False
2178,2024-07-02,47,Home,South,4,90.69,Credit Card,False
2467,2024-07-02,38,Clothing,West,3,14.4,UPI,False
1293,2024-07-03,15,Home,North,2,22.87,UPI,False
1865,2024-07-03,22,Electronics,East,1,292.13,Credit Card,False
1898,2024-07-05,37,Electronics,North,1,316.22,Cash,False
1047,2024-07-06,50,Clothing,West,4,44.22,Credit Card,False
1873,2024-07-06,37,Sports,North,4,47.43,Debit Card,True
1034,2024-07-07,44,Home,North,1,123.95,Credit Card,False
2474,2024-07-07,18,Sports,South,4,15.76,Credit Card,False
2101,2024-07-08,40,Home,North,4,68.54,Credit Card,False
2004,2024-07-09,42,Sports,North,1,27.55,Debit Card,False
1542,2024-07-10,34,Clothing,West,5,93.63,Debit Card,True
1934,2024-07-10,29,Electronics,West,5,300.95,Credit Card,False
2075,2024-07-10,28,Home,South,1,126.48,Credit Card,False
1007,2024-07-11,50,Books,East,4,49.24,Debit Card,False
1514,2024-07-11,6,Home,North,3,245.02,UPI,False
2471,2024-07-11,32,Electronics,North,1,61.51,UPI,True
1289,2024-07-12,11,Books,West,1,44.01,Credit Card,False
1223,2024-07-13,42,Home,South,1,113.62,Debit Card,False
1457,2024-07-13,23,Books,South,5,35.44,UPI,False
1120,2024-07-15,15,Sports,East,2,30.07,Credit Card,False
1948,2024-07-15,40,Electronics,East,3,250.02,UPI,False
1445,2024-07-16,19,Books,West,4,49.53,UPI,False
1711,2024-07-16,27,Books,North,4,59.46,UPI,False
1861,2024-07-16,29,Books,South,3,48.65,Credit Card,False
1170,2024-07-17,39,Sports,West,1,110.98,Debit Card,False
1664,2024-07-17,6,Electronics,East,3,78.57,UPI,False
1858,2024-07-17,44,Electronics,West,5,225.39,Credit Card,False
2491,2024-07-17,1,Books,West,5,23.68,UPI,False
2078,2024-07-18,46,Sports,West,5,77.89,Debit Card,False
2358,2024-07-18,8,Electronics,North,4,466.34,Debit Card,False
1534,2024-07-19,7,Books,East,4,30.94,Cash,False
2139,2024-07-19,11,Sports,West,1,138.72,Credit Card,False
2411,2024-07-20,27,Clothing,South,1,81.59,Credit Card,False
1202,2024-07-21,27,Home,West,4,172.22,Credit Card,False
1615,2024-07-21,12,Books,East,2,14.62,UPI,False
1636,2024-07-21,27,Books,East,4,20.41,Debit Card,False
2042,2024-07-21,5,Sports,East,4,49.27,UPI,False
2269,2024-07-21,36,Books,South,5,7.96,Credit Card,False
1010,2024-07-22,11,Clothing,East,4,18.96,UPI,False
1402,2024-07-22,34,Clothing,East,5,26.48,Debit Card,False
1398,2024-07-23,44,Clothing,East,3,12.29,Cash,False
1566,2024-07-23,5,Electronics,North,5,392.11,Debit Card,False
2113,2024-07-23,10,Electronics,West,3,253.45,UPI,False
2241,2024-07-23,36,Sports,South,1,67.71,Credit Card,False
2298,2024-07-23,18,Electronics,West,2,252.0,Credit Card,False
1606,2024-07-24,5,Home,West,3,93.55,UPI,False
2012,2024-07-24,2,Sports,North,1,134.07,UPI,True
1078,2024-07-25,9,Clothing,South,4,101.15,UPI,False
1490,2024-07-25,30,Clothing,North,3,99.28,Credit Card,False
1276,2024-07-26,3,Sports,North,2,31.36,UPI,False
1413,2024-07-26,46,Electronics,South,5,155.9,UPI,False
1718,2024-07-26,14,Sports,North,1,15.2,Credit Card,False
2216,2024-07-26,22,Home,East,4,135.54,UPI,False
1525,2024-07-27,21,Clothing,East,2,74.96,Credit Card,False
1755,2024-07-27,42,Clothing,East,3,86.99,Debit Card,False
1049,2024-07-28,41,Books,South,1,12.34,UPI,False
1790,2024-07-28,18,Electronics,East,1,126.05,Debit Card,False
2230,2024-07-28,33,Sports,South,5,110.42,Cash,False
1013,2024-07-29,44,Sports,North,3,104.63,Credit Card,False
2261,2024-07-30,47,Clothing,West,3,28.89,UPI,False
1359,2024-08-01,20,Sports,East,5,72.83,Credit Card,False
1439,2024-08-01,27,Home,North,4,248.66,UPI,False
2214,2024-08-01,12,Electronics,East,2,89.56,Cash,False
1061,2024-08-02,20,Electronics,East,1,265.43,Credit Card,False
1933,2024-08-02,46,Home,East,4,230.33,Debit Card,False
2054,2024-08-02,33,Sports,West,5,132.97,Debit Card,False
2417,2024-08-02,32,Books,North,4,23.03,UPI,False
1492,2024-08-03,21,Books,West,4,11.85,Credit Card,False
1545,2024-08-03,36,Clothing,North,5,49.53,Credit Card,False
1284,2024-08-04,38,Sports,West,3,81.45,Credit Card,False
2484,2024-08-04,3,Sports,East,4,32.52,Cash,False
1516,2024-08-06,20,Books,East,3,11.5,Credit Card,False
1812,2024-08-06,43,Books,North,3,55.4,Debit Card,False
2378,2024-08-06,41,Sports,South,2,10.62,Credit Card,False
1391,2024-08-07,45,Electronics,East,1,395.85,UPI,False
1486,2024-08-07,15,Electronics,West,1,53.75,Credit Card,False
1660,2024-08-07,11,Clothing,East,5,45.35,UPI,False
2084,2024-08-07,42,Home,East,1,73.96,Cash,False
1396,2024-08-08,39,Sports,East,3,46.87,Credit Card,False
1652,2024-08-08,38,Sports,East,3,73.7,Credit Card,False
1887,2024-08-08,19,Sports,East,3,105.45,Debit Card,False
2060,2024-08-08,22,Electronics,South,1,124.02,Credit Card,False
1351,2024-08-09,9,Books,North,3,16.28,UPI,False
1999,2024-08-09,7,Books,North,2,12.51,Debit Card,False
1228,2024-08-10,7,Clothing,West,3,73.14,UPI,False
1272,2024-08-10,47,Clothing,West,1,97.8,Credit Card,True
1454,2024-08-10,28,Sports,North,3,59.04,Debit Card,False
1091,2024-08-12,30,Sports,North,3,20.23,Credit Card,False
2134,2024-08-12,28,Clothing,East,2,27.67,UPI,False
1027,2024-08-13,48,Clothing,South,3,10.21,Credit Card,True
1136,2024-08-13,7,Sports,West,1,20.06,Cash,False
1637,2024-08-13,23,Electronics,South,4,392.4,Credit Card,False
1801,2024-08-13,35,Home,East,5,213.44,UPI,False
2019,2024-08-13,29,Sports,South,2,71.95,Debit Card,False
1685,2024-08-16,10,Electronics,North,1,261.52,Cash,False
2374,2024-08-16,40,Books,West,5,10.66,Credit Card,False
2226,2024-08-17,10,Sports,East,5,41.27,UPI,False
1314,2024-08-19,47,Home,East,1,108.14,Credit Card,False
1541,2024-08-19,12,Books,North,1,16.06,Cash,False
2335,2024-08-19,5,Home,North,2,27.76,Credit Card,False
1649,2024-08-21,11,Clothing,South,2,104.18,UPI,False
1667,2024-08-21,17,Sports,South,3,70.37,Credit Card,False
1825,2024-08-22,4,Books,West,1,41.31,Debit Card,False
2031,2024-08-22,49,Electronics,East,3,91.87,UPI,False
2064,2024-08-23,2,Electronics,West,5,471.76,Cash,False
2387,2024-08-23,10,Electronics,East,5,108.39,Credit Card,False
1233,2024-08-25,42,Clothing,North,2,90.22,Credit Card,False
1324,2024-08-25,30,Clothing,East,4,42.46,Debit Card,False
1594,2024-08-25,38,Electronics,East,1,457.75,UPI,False
2403,2024-08-25,1,Electronics,South,2,143.9,UPI,False
1102,2024-08-26,24,Books,East,1,57.75,Debit Card,False
1405,2024-08-26,44,Electronics,South,3,426.17,Credit Card,False
1840,2024-08-26,25,Sports,North,4,112.0,UPI,False
1353,2024-08-27,19,Sports,North,1,24.81,Credit Card,True
1134,2024-08-28,4,Electronics,West,1,132.43,Debit Card,False
1282,2024-08-28,32,Home,North,5,162.3,Credit Card,False
1188,2024-08-29,21,Home,South,4,214.01,UPI,False
1345,2024-08-29,14,Sports,East,1,49.17,UPI,False
1382,2024-08-31,5,Clothing,North,2,13.6,UPI,False
1411,2024-08-31,15,Electronics,West,2,480.4,Credit Card,False
1897,2024-09-01,26,Home,South,1,119.15,Cash,False
1616,2024-09-02,1,Electronics,South,2,92.63,Credit Card,True
1880,2024-09-02,29,Books,West,2,27.55,Debit Card,False
2450,2024-09-02,6,Electronics,East,4,64.43,Credit Card,False
1389,2024-09-03,16,Books,West,2,34.53,Cash,False
1668,2024-09-03,9,Home,West,2,85.16,UPI,False
1816,2024-09-03,41,Electronics,North,5,216.09,UPI,False
1886,2024-09-04,28,Clothing,South,5,92.05,Credit Card,False
2459,2024-09-04,34,Electronics,West,4,108.29,Debit Card,False
1259,2024-09-05,34,Electronics,West,2,459.36,Debit Card,False
1313,2024-09-05,8,Books,South,1,52.3,Debit Card,False
1763,2024-09-05,24,Clothing,North,2,84.27,Credit Card,False
1925,2024-09-05,47,Books,South,1,5.33,Credit Card,False
1824,2024-09-06,21,Electronics,North,4,155.0,Debit Card,False
2300,2024-09-06,34,Clothing,East,2,40.45,Credit Card,False
1390,2024-09-07,1,Electronics,South,3,334.55,Debit Card,False
1893,2024-09-07,27,Electronics,South,3,393.99,Credit Card,False
1926,2024-09-07,29,Electronics,East,5,56.0,UPI,False
1523,2024-09-08,2,Electronics,North,1,265.78,Credit Card,False
1944,2024-09-08,24,Electronics,South,1,478.58,Cash,False
1161,2024-09-09,37,Clothing,North,4,39.02,Credit Card,False
1575,2024-09-09,9,Clothing,East,5,75.14,Debit Card,False
1665,2024-09-09,38,Home,East,5,41.85,Credit Card,False
2399,2024-09-09,10,Books,East,1,10.66,Debit Card,False
1277,2024-09-10,47,Electronics,South,2,269.01,UPI,False
2457,2024-09-10,39,Home,East,5,249.69,Debit Card,False
1450,2024-09-11,43,Clothing,West,4,85.69,Debit Card,False
1963,2024-09-11,8,Sports,East,4,81.08,Cash,False
1097,2024-09-12,49,Electronics,West,1,120.69,UPI,False
1580,2024-09-12,34,Books,North,2,6.64,Credit Card,False
1656,2024-09-12,19,Home,East,5,108.41,Debit Card,False
1807,2024-09-12,23,Home,North,4,222.29,Debit Card,False
1958,2024-09-12,14,Electronics,North,4,305.46,UPI,False
2348,2024-09-12,39,Sports,South,5,58.23,Credit Card,False
1360,2024-09-13,21,Home,South,1,62.58,UPI,False
1682,2024-09-13,23,Electronics,East,2,172.22,Debit Card,False
1950,2024-09-13,17,Clothing,West,2,93.38,Cash,False
2265,2024-09-13,37,Clothing,South,3,22.84,Cash,False
2110,2024-09-14,10,Home,West,2,182.94,UPI,False
2114,2024-09-14,49,Electronics,South,1,136.97,Credit Card,False
2352,2024-09-14,9,Sports,East,3,34.1,UPI,False
1443,2024-09-15,49,Home,East,5,32.61,Credit Card,False
1635,2024-09-15,28,Sports,South,1,131.02,UPI,False
1927,2024-09-15,49,Books,North,5,28.68,Credit Card,False
2201,2024-09-15,26,Books,North,4,17.4,UPI,False
2147,2024-09-16,44,Electronics,North,1,100.83,Debit Card,False
2360,2024-09-16,14,Books,North,5,9.02,Credit Card,False
1032,2024-09-17,46,Books,West,4,55.3,UPI,False
1842,2024-09-17,49,Electronics,North,3,137.39,Credit Card,False
1410,2024-09-18,15,Home,West,4,80.57,Credit Card,True
2092,2024-09-18,8,Clothing,North,4,15.87,Cash,False
2047,2024-09-19,12,Sports,North,1,40.92,UPI,False
1468,2024-09-20,43,Books,North,2,48.33,Credit Card,False
2219,2024-09-20,43,Clothing,East,5,40.39,UPI,False
2286,2024-09-21,33,Electronics,North,5,260.02,Credit Card,False
2389,2024-09-21,12,Electronics,North,1,230.05,UPI,False
1227,2024-09-22,18,Home,South,5,167.56,Cash,False
1629,2024-09-22,2,Electronics,West,3,417.68,Credit Card,False
2309,2024-09-22,32,Books,East,4,30.04,UPI,False
2321,2024-09-22,18,Books,East,1,44.4,Debit Card,False
2080,2024-09-23,3,Clothing,North,3,41.54,Credit Card,False
2014,2024-09-24,27,Sports,West,1,118.53,Credit Card,False
2125,2024-09-24,31,Electronics,South,3,299.44,Credit Card,False
1292,2024-09-25,22,Sports,East,3,84.06,UPI,False
1304,2024-09-25,23,Electronics,West,3,247.51,Debit Card,False
1823,2024-09-26,11,Sports,North,4,14.89,Debit Card,False
1721,2024-09-29,13,Electronics,East,2,165.65,Cash,False
2458,2024-09-29,50,Electronics,North,5,161.38,Cash,False
1196,2024-09-30,43,Clothing,East,1,38.58,Credit Card,False
1358,2024-09-30,37,Electronics,East,2,49.58,UPI,True
2045,2024-09-30,10,Clothing,South,4,86.12,UPI,False
2208,2024-09-30,48,Sports,West,4,86.95,Credit Card,False
1581,2024-10-02,39,Sports,North,5,53.14,Cash,False
1612,2024-10-03,4,Clothing,North,5,55.62,Credit Card,False
2001,2024-10-03,45,Clothing,South,4,32.19,UPI,False
2171,2024-10-04,15,Electronics,South,4,461.35,Cash,False
2434,2024-10-04,5,Electronics,South,3,201.62,Credit Card,False
1317,2024-10-05,21,Home,North,2,19.56,Credit Card,False
1941,2024-10-05,12,Home,North,1,130.4,UPI,False
1704,2024-10-07,28,Clothing,East,3,84.33,Credit Card,False
1175,2024-10-08,21,Home,South,1,202.17,Credit Card,False
1804,2024-10-09,6,Books,South,3,11.84,Credit Card,True
2124,2024-10-09,49,Clothing,East,5,106.01,Debit Card,True
2175,2024-10-09,20,Sports,West,2,98.9,Credit Card,False
1365,2024-10-11,30,Sports,West,1,89.46,Credit Card,False
2406,2024-10-11,16,Sports,West,2,132.61,Credit Card,False
2492,2024-10-11,35,Books,East,3,7.33,Cash,False
1158,2024-10-12,30,Books,West,1,13.39,Debit Card,True
1162,2024-10-12,15,Electronics,North,5,102.74,Debit Card,False
2189,2024-10-12,8,Books,West,2,53.65,Debit Card,False
1189,2024-10-13,4,Books,West,2,25.84,Debit Card,False
1164,2024-10-14,19,Electronics,North,2,40.64,Credit Card,False
1379,2024-10-14,13,Sports,North,1,87.93,Cash,False
2104,2024-10-15,4,Sports,West,2,147.29,Credit Card,True
1104,2024-10-16,13,Home,North,3,183.01,Credit Card,False
1628,2024-10-16,9,Electronics,West,1,134.16,Credit Card,False
2184,2024-10-16,3,Clothing,North,4,67.73,Credit Card,False
2357,2024-10-16,41,Electronics,West,5,45.0,Credit Card,False
1540,2024-10-17,45,Sports,East,3,91.48,Credit Card,False
2271,2024-10-17,31,Home,West,4,161.32,UPI,False
2432,2024-10-17,24,Electronics,East,2,165.28,Debit Card,False
1020,2024-10-20,26,Electronics,North,5,244.18,Credit Card,False
1392,2024-10-20,17,Home,East,5,209.61,UPI,False
2115,2024-10-20,10,Books,North,5,17.96,Debit Card,False
2228,2024-10-20,17,Electronics,East,4,91.77,UPI,False
1837,2024-10-21,17,Home,North,1,82.09,UPI,False
2006,2024-10-21,15,Electronics,North,3,475.79,Debit Card,False
1145,2024-10-23,38,Sports,East,1,43.28,UPI,False
1908,2024-10-24,13,Books,North,3,59.42,Credit Card,True
2087,2024-10-24,15,Electronics,North,4,194.62,Debit Card,False
1002,2024-10-25,9,Electronics,West,5,153.3,UPI,False
1643,2024-10-25,28,Clothing,North,3,119.57,Cash,False
1954,2024-10-25,19,Books,East,5,30.44,Credit Card,False
2190,2024-10-25,10,Clothing,West,4,93.93,UPI,False
2369,2024-10-25,8,Home,South,2,83.82,UPI,False
1640,2024-10-26,5,Home,West,5,140.4,Debit Card,True
1743,2024-10-29,1,Sports,South,3,112.17,UPI,False
2307,2024-10-29,30,Books,South,1,22.86,Debit Card,False
1124,2024-10-30,44,Home,East,5,61.29,Credit Card,False
1329,2024-10-30,27,Electronics,East,5,333.91,UPI,False
1442,2024-10-30,44,Sports,East,1,19.14,UPI,False
2154,2024-10-30,5,Electronics,East,2,99.99,UPI,True
1970,2024-10-31,49,Books,South,5,35.38,UPI,False
1469,2024-11-01,47,Electronics,East,3,429.74,Debit Card,False
1604,2024-11-01,44,Electronics,West,5,337.02,Credit Card,False
1903,2024-11-01,40,Books,West,4,25.03,Debit Card,False
2330,2024-11-01,45,Home,West,1,139.15,Debit Card,False
2364,2024-11-01,7,Home,West,5,229.08,UPI,False
1515,2024-11-02,6,Electronics,North,5,377.46,UPI,False
1769,2024-11-02,2,Clothing,West,3,59.13,UPI,False
1881,2024-11-02,20,Home,West,2,89.37,Cash,False
1330,2024-11-03,18,Clothing,South,2,108.87,Debit Card,False
1533,2024-11-03,47,Books,West,3,17.38,UPI,False
1806,2024-11-03,6,Electronics,West,1,437.65,Credit Card,False
1327,2024-11-05,31,Clothing,South,1,77.29,Credit Card,False
2423,2024-11-05,24,Clothing,East,5,100.78,Debit Card,False
2479,2024-11-05,11,Home,East,3,117.88,UPI,False
1064,2024-11-06,31,Electronics,East,5,205.46,Credit Card,False
1252,2024-11-06,31,Books,North,5,41.23,Credit Card,False
1377,2024-11-06,24,Clothing,East,1,76.35,UPI,True
1386,2024-11-06,33,Books,South,3,14.45,Cash,False
1867,2024-11-06,41,Sports,North,1,58.27,Debit Card,False
2062,2024-11-06,22,Clothing,East,1,61.22,UPI,False
1299,2024-11-07,15,Electronics,South,2,228.84,Debit Card,False
1221,2024-11-08,20,Books,North,4,26.61,Credit Card,False
1238,2024-11-08,28,Clothing,East,2,77.87,Credit Card,False
1662,2024-11-08,38,Books,North,3,33.37,UPI,False
1982,2024-11-08,6,Sports,North,5,51.91,Cash,False
1493,2024-11-10,15,Home,West,5,148.61,Credit Card,False
1522,2024-11-10,8,Electronics,North,2,77.04,Credit Card,False
1943,2024-11-10,11,Clothing,North,5,40.17,Cash,False
2316,2024-11-10,23,Electronics,East,2,372.08,UPI,False
2073,2024-11-11,11,Clothing,East,3,40.33,UPI,False
1270,2024-11-12,8,Sports,West,1,77.7,Credit Card,False
1291,2024-11-12,27,Electronics,East,5,207.43,Debit Card,False
2333,2024-11-12,29,Home,North,5,15.75,Debit Card,False
1209,2024-11-13,2,Clothing,East,3,53.46,UPI,False
2243,2024-11-13,39,Clothing,West,3,47.8,Debit Card,False
1148,2024-11-14,28,Home,West,5,121.5,Credit Card,False
1182,2024-11-14,14,Sports,West,1,59.71,UPI,False
1480,2024-11-14,23,Electronics,East,3,461.77,UPI,False
1554,2024-11-14,26,Sports,South,1,48.24,UPI,False
1564,2024-11-14,26,Clothing,East,5,26.57,Credit Card,False
1086,2024-11-15,13,Electronics,South,5,146.5,Credit Card,False
2247,2024-11-15,30,Electronics,West,1,350.9,Credit Card,False
1119,2024-11-16,7,Home,East,3,116.54,Debit Card,False
2489,2024-11-16,3,Home,North,1,209.92,Cash,False
1736,2024-11-17,29,Home,North,2,195.73,UPI,False
1909,2024-11-17,27,Home,South,2,30.33,Debit Card,False
2481,2024-11-19,12,Electronics,West,2,387.6,Debit Card,False
1494,2024-11-21,11,Electronics,East,4,132.46,Debit Card,True
1726,2024-11-21,29,Books,West,1,15.49,Debit Card,False
1183,2024-11-22,9,Electronics,East,4,327.38,Debit Card,False
1749,2024-11-22,39,Electronics,East,2,179.1,UPI,False
1371,2024-11-23,10,Clothing,East,5,29.99,UPI,False
1440,2024-11-23,21,Sports,West,2,94.66,Debit Card,False
1563,2024-11-23,2,Clothing,South,1,91.67,Debit Card,False
1765,2024-11-23,24,Home,East,1,90.94,Debit Card,False
2221,2024-11-24,17,Clothing,South,4,42.38,UPI,False
1576,2024-11-25,22,Home,South,5,104.13,Credit Card,False
2095,2024-11-25,4,Books,East,2,34.23,Credit Card,False
1140,2024-11-26,28,Sports,North,4,149.48,UPI,True
1471,2024-11-26,2,Books,East,1,50.33,UPI,True
2069,2024-11-26,24,Home,North,3,231.29,UPI,False
1093,2024-11-27,18,Electronics,East,1,111.62,UPI,False
1248,2024-11-28,46,Home,North,4,161.12,Debit Card,False
2240,2024-11-28,9,Electronics,East,3,159.43,Debit Card,False
1074,2024-11-30,20,Electronics,West,5,463.01,Credit Card,False
1484,2024-11-30,33,Electronics,North,5,247.55,UPI,False
1854,2024-11-30,10,Sports,South,1,62.3,Credit Card,False
1883,2024-11-30,15,Electronics,North,4,184.77,UPI,False
1315,2024-12-01,33,Electronics,East,5,326.6,Credit Card,False
1483,2024-12-01,31,Home,East,4,30.89,Credit Card,False
2176,2024-12-01,26,Clothing,North,5,77.01,Cash,False
2248,2024-12-01,25,Electronics,North,3,328.86,Credit Card,False
1251,2024-12-02,46,Electronics,South,4,161.62,Debit Card,False
1449,2024-12-02,43,Electronics,South,3,275.86,UPI,False
1551,2024-12-02,26,Home,West,4,202.53,UPI,False
2023,2024-12-02,6,Electronics,West,2,354.02,Cash,False
2500,2024-12-02,14,Electronics,West,2,117.81,Cash,True
1303,2024-12-03,20,Sports,West,3,71.32,Debit Card,False
1799,2024-12-03,2,Electronics,West,3,168.8,Cash,False
2177,2024-12-03,34,Home,East,4,117.2,Credit Card,False
1137,2024-12-04,48,Books,North,3,17.11,UPI,False
1653,2024-12-04,36,Clothing,North,4,77.99,Debit Card,False
2010,2024-12-04,44,Clothing,East,5,40.66,Debit Card,False
2043,2024-12-04,26,Home,North,2,118.89,Credit Card,False
2169,2024-12-04,44,Sports,East,1,94.12,Credit Card,False
1266,2024-12-06,38,Books,West,3,19.73,Credit Card,False
1409,2024-12-06,15,Electronics,North,1,478.97,Credit Card,False
1597,2024-12-07,9,Electronics,South,1,203.05,Credit Card,False
1661,2024-12-07,33,Home,North,4,153.41,UPI,False
2367,2024-12-07,42,Clothing,North,3,51.26,UPI,False
1008,2024-12-08,46,Electronics,North,4,230.02,Debit Card,False
1155,2024-12-08,6,Clothing,East,4,69.22,UPI,False
1217,2024-12-08,15,Sports,East,2,49.38,UPI,False
2026,2024-12-08,31,Clothing,West,4,70.99,Credit Card,False
2033,2024-12-09,47,Books,South,3,38.15,UPI,False
1204,2024-12-10,13,Home,North,5,120.42,Credit Card,False
1759,2024-12-10,24,Books,West,2,10.85,Debit Card,False
1241,2024-12-11,9,Electronics,South,5,68.46,Debit Card,False
1747,2024-12-11,39,Books,South,3,28.9,Credit Card,False
1125,2024-12-12,39,Clothing,South,5,18.4,UPI,False
2449,2024-12-13,50,Books,North,3,19.43,Debit Card,True
2050,2024-12-14,49,Sports,North,4,120.94,UPI,False
2275,2024-12-14,1,Electronics,West,3,285.22,Credit Card,False
1394,2024-12-16,10,Electronics,East,4,264.22,UPI,False
1651,2024-12-16,27,Home,South,2,19.43,Debit Card,False
1694,2024-12-16,12,Clothing,North,4,64.28,Cash,False
1714,2024-12-16,31,Electronics,North,5,410.49,Debit Card,False
2181,2024-12-16,3,Electronics,East,4,23.58,Credit Card,False
1998,2024-12-17,21,Clothing,West,5,82.15,UPI,False
2476,2024-12-18,28,Books,West,1,13.05,Debit Card,False
1355,2024-12-19,36,Books,North,3,46.04,Debit Card,False
2003,2024-12-19,12,Clothing,North,2,98.61,UPI,False
2028,2024-12-19,3,Clothing,East,5,84.85,UPI,False
2193,2024-12-19,19,Sports,West,2,54.27,Cash,False
2257,2024-12-19,5,Home,East,3,53.71,UPI,False
2370,2024-12-19,4,Electronics,South,3,78.88,Debit Card,False
2046,2024-12-20,21,Books,North,3,31.45,UPI,False
1572,2024-12-21,16,Electronics,South,4,106.55,Credit Card,False
1065,2024-12-23,29,Books,South,3,26.78,UPI,False
1882,2024-12-23,24,Electronics,West,5,459.74,Debit Card,False
1888,2024-12-23,17,Sports,East,2,16.93,UPI,False
1147,2024-12-24,21,Sports,East,3,23.33,Cash,False
2420,2024-12-24,44,Electronics,West,4,255.39,Debit Card,False
1156,2024-12-25,43,Home,North,2,58.27,Debit Card,False
2426,2024-12-25,45,Electronics,South,3,383.11,Debit Card,False
1311,2024-12-27,25,Electronics,South,2,271.42,Debit Card,False
1856,2024-12-27,6,Home,West,1,84.78,UPI,False
1917,2024-12-27,50,Electronics,South,3,336.23,Credit Card,False
2222,2024-12-27,39,Home,North,5,95.76,Debit Card,False
2359,2024-12-27,20,Electronics,East,1,55.02,UPI,False
1491,2024-12-28,19,Clothing,South,3,24.02,Debit Card,False
1610,2024-12-28,27,Electronics,South,5,415.76,Credit Card,False
1201,2024-12-29,27,Home,West,3,238.16,Credit Card,False
1969,2024-12-29,4,Home,West,2,142.03,Debit Card,False
2146,2024-12-29,23,Sports,North,2,41.3,Credit Card,False
1620,2024-12-30,39,Clothing,South,1,35.9,UPI,False
2136,2024-12-30,28,Clothing,North,1,46.61,UPI,False
